Hotel Name,Original price,Price after discount,Tax,Rating,location
The Anvaya Beach Resort Bali,Rp 5.022.000,Rp 4.017.600,Inclusive of taxes,8.9,"Kuta, Bali"
The Apurva Kempinski Bali,Rp 14.520.640,Rp 10.890.480,Inclusive of taxes,8.9,"Nusa Dua Beach, Bali"
"The Westin Resort Nusa Dua, Bali",Rp 4.001.067,Rp 3.000.800,Inclusive of taxes,8.8,"The Westin Resort Nusa Dua, Bali"
The Sakala Resort Bali - All Suites,Rp 2.400.000,Rp 1.392.000,Inclusive of taxes,8.5,"Tanjung Benoa, Bali"
Discovery Kartika Plaza Bali,Rp 1.733.333,Rp 1.300.000,Inclusive of taxes,8.6,"Kuta, Bali"
Urban Styles Inata Bisma Ubud,Rp 810.000,Rp 405.000,Inclusive of taxes,8.5,"Monkey Forest, Bali"
Hilton Bali Resort,Rp 3.872.000,Rp 2.904.000,Inclusive of taxes,8.7,"Nusa Dua Beach, Bali"
The ONE Legian,Rp 1.440.000,Rp 1.137.600,Inclusive of taxes,8.5,"Legian, Bali"
Prama Sanur Beach Bali,Rp 2.268.000,Rp 771.120,Inclusive of taxes,8.5,"Sanur, Bali"
Ramada Encore by Wyndham Bali Seminyak,Rp 1.642.500,Rp 903.375,Inclusive of taxes,8.6,"Seminyak, Bali"
ASTON Kuta Hotel & Residence,Rp 1.989.000,Rp 1.690.650,Inclusive of taxes,8.6,"Kuta, Bali"
Merusaka Nusa Dua,Rp 3.199.500,Rp 2.079.675,Inclusive of taxes,8.9,"Nusa Dua Beach, Bali"
Kanishka Villas,Rp 1.435.745,Rp 1.162.954,Inclusive of taxes,8.2,"Seminyak, Bali"
Kanvaz Village Resort Seminyak,Rp 3.211.884,Rp 2.408.913,Inclusive of taxes,8.9,"Seminyak, Bali"
RIMBA by AYANA Bali,Rp 3.908.300,Rp 2.931.225,Inclusive of taxes,9.0,"Jimbaran, Bali"
Grand Inna Kuta,Rp 1.920.000,Rp 1.036.800,Inclusive of taxes,8.5,"Kuta, Bali"
"Nusa Dua Beach Hotel & Spa, Bali",Rp 3.825.858,Rp 2.104.222,Inclusive of taxes,8.7,"Nusa Dua Beach Hotel & Spa, Bali"
Mercure Bali Nusa Dua,Rp 1.012.044,Rp 759.033,Inclusive of taxes,8.2,"Nusa Dua, Bali"
Padma Resort Ubud,Rp 5.806.729,Rp 4.064.710,Inclusive of taxes,9.1,"Payangan, Bali"
Conrad Bali,Rp 4.154.334,Rp 3.115.751,Inclusive of taxes,8.7,"Tanjung Benoa, Bali"
Grand Hyatt Bali,Rp 3.325.031,Rp 2.493.773,Inclusive of taxes,8.5,"Nusa Dua Beach, Bali"
Horison Seminyak,Rp 2.000.000,Rp 1.000.000,Inclusive of taxes,8.4,"Seminyak, Bali"
Aryaduta Bali,Rp 1.380.000,Rp 1.035.000,Inclusive of taxes,8.7,"Kuta, Bali"
Swiss Belhotel Tuban,Rp 990.667,Rp 743.000,Inclusive of taxes,8.6,"Kuta, Bali"
Hotel Dafam Savvoya Seminyak,Rp 1.099.156,Rp 754.540,Inclusive of taxes,8.4,"Seminyak, Bali"
The Lerina Hotel Nusa Dua,Rp 945.000,Rp 472.500,Inclusive of taxes,8.5,"Nusa Dua, Bali"
Four Star by Trans Hotel,Rp 760.000,Rp 524.400,Inclusive of taxes,8.4,"South Denpasar, Bali"
Bali Dynasty Resort,Rp 2.097.144,Rp 1.321.201,Inclusive of taxes,8.6,"Kuta, Bali"
Wyndham Garden Kuta Beach Bali,Rp 1.032.000,Rp 774.000,Inclusive of taxes,8.1,"Kuta, Bali"
Hotel Santika Siligita Nusa Dua,Rp 1.166.667,Rp 875.000,Inclusive of taxes,8.5,"Nusa Dua, Bali"
Sheraton Bali Kuta Resort,Rp 3.468.667,Rp 2.601.500,Inclusive of taxes,8.8,"Kuta, Bali"
Tribe Bali Kuta Beach,Rp 1.637.857,Rp 1.228.393,Inclusive of taxes,9.1,"Kuta, Bali"
Kaisa Villas Seminyak,Rp 2.450.000,Rp 1.715.000,Inclusive of taxes,8.8,"Seminyak, Bali"
Novotel Bali Nusa Dua - Hotel & Residences,Rp 1.902.120,Rp 1.426.590,Inclusive of taxes,8.5,"Nusa Dua Beach, Bali"
Danoya Villa Seminyak,Rp 3.663.000,Rp 2.380.950,Inclusive of taxes,8.7,"Seminyak, Bali"
Grand Palace Hotel Sanur - Bali,Rp 1.035.000,Rp 621.000,Inclusive of taxes,8.7,"Sanur, Bali"
HARRIS Hotel and Conventions Denpasar Bali,Rp 568.000,Rp 397.600,Inclusive of taxes,8.5,"North Denpasar, Bali"
THE 1O1 Bali Oasis Sanur,Rp 1.492.000,Rp 1.119.000,Inclusive of taxes,8.5,"Sanur, Bali"
HARRIS Hotel Kuta Tuban Bali,Rp 973.333,Rp 730.000,Inclusive of taxes,8.4,"Tuban, Bali"
Mövenpick Resort and Spa Bali,Rp 3.285.734,Rp 2.464.300,Inclusive of taxes,8.8,"Jimbaran, Bali"
Kuta Paradiso Hotel,Rp 2.240.000,Rp 907.200,Inclusive of taxes,8.4,"Kuta, Bali"
Diamond Hotel Kuta Bali,Rp 783.000,Rp 626.400,Inclusive of taxes,8.2,"Kuta, Bali"
Hotel Santika Seminyak,Rp 985.000,Rp 492.500,Inclusive of taxes,8.7,"Seminyak, Bali"
Hyatt Regency Bali,Rp 3.201.881,Rp 2.401.411,Inclusive of taxes,8.7,"Sanur, Bali"
Villa Kayu Raja,Rp 4.130.995,Rp 1.528.468,Inclusive of taxes,8.6,"Seminyak, Bali"
Pullman Bali Legian Beach,Rp 2.420.000,Rp 1.815.000,Inclusive of taxes,8.3,"Legian, Bali"
Bintang Bali Resort,Rp 2.124.000,Rp 1.146.960,Inclusive of taxes,8.6,"Kuta, Bali"
Amaris Hotel Pratama Nusa Dua,Rp 500.000,Rp 375.000,Inclusive of taxes,8.0,"Nusa Dua, Bali"
The Ritz-Carlton Bali,Rp 6.292.000,Rp 4.719.000,Inclusive of taxes,8.8,"Nusa Dua Beach, Bali"
The Patra Bali Resort & Villas,Rp 1.782.000,Rp 1.069.200,Inclusive of taxes,8.8,"Kuta, Bali"
favehotel Sunset Seminyak,Rp 816.480,Rp 612.360,Inclusive of taxes,8.5,"Seminyak, Bali"
Melia Bali,Rp 2.607.669,Rp 2.346.902,Inclusive of taxes,8.9,"Nusa Dua Beach, Bali"
THE 1O1 Bali Fontana Seminyak,Rp 1.733.333,Rp 1.300.000,Inclusive of taxes,8.6,"Legian, Bali"
Hotel Indigo BALI SEMINYAK BEACH,Rp 5.096.637,Rp 3.822.516,Inclusive of taxes,9.0,"Seminyak, Bali"
Mamaka by Ovolo,Rp 1.911.714,Rp 1.312.243,Inclusive of taxes,8.9,"Kuta, Bali"
The Trans Resort Bali,Rp 3.450.000,Rp 2.587.500,Inclusive of taxes,9.0,"Seminyak, Bali"
The Nest Hotel Nusa Dua,Rp 1.080.000,Rp 777.600,Inclusive of taxes,8.8,"Tanjung Benoa, Bali"
Plataran Canggu Resort and Spa,Rp 5.717.250,Rp 3.201.660,Inclusive of taxes,8.8,"Canggu, Bali"
Grand Whiz Hotel Nusa Dua,Rp 1.164.500,Rp 675.410,Inclusive of taxes,8.5,"Nusa Dua Beach, Bali"
Swiss-Belresort Watu Jimbar,Rp 1.180.000,Rp 843.700,Inclusive of taxes,8.6,"Sanur, Bali"
Hilton Garden Inn Bali Ngurah Rai Airport,Rp 1.116.250,Rp 893.000,Inclusive of taxes,8.5,"Tuban, Bali"
VOUK Hotel & Suites,Rp 1.570.000,Rp 1.161.800,Inclusive of taxes,8.2,"Nusa Dua Beach, Bali"
Lloyd's Inn Bali,Rp 1.959.404,Rp 1.345.049,Inclusive of taxes,8.6,"Seminyak, Bali"
Courtyard by Marriott Bali Seminyak Resort,Rp 2.662.000,Rp 1.996.500,Inclusive of taxes,9.0,"Seminyak, Bali"
Ramada by Wyndham Bali Sunset Road Kuta,Rp 852.163,Rp 639.122,Inclusive of taxes,8.2,"Kuta, Bali"
Grand Istana Rama Hotel,Rp 1.242.487,Rp 741.260,Inclusive of taxes,8.3,"Kuta, Bali"
Hotel Nikko Bali Benoa Beach,Rp 1.807.937,Rp 1.217.160,Inclusive of taxes,8.6,"Tanjung Benoa, Bali"
Boss Legian Hotel,Rp 491.323,Rp 450.001,Inclusive of taxes,8.2,"Legian, Bali"
Courtyard by Marriott Bali Nusa Dua Resort,Rp 2.581.333,Rp 1.936.000,Inclusive of taxes,8.6,"Nusa Dua Beach, Bali"
Aksari Resort Ubud,Rp 7.480.000,Rp 4.862.000,Inclusive of taxes,8.9,"Tegallalang, Bali"
Tijili Benoa Hotel,Rp 1.890.000,Rp 1.228.500,Inclusive of taxes,8.8,"Tanjung Benoa, Bali"
The St. Regis Bali Resort - CHSE Certified,Rp 10.164.000,Rp 7.623.000,Inclusive of taxes,9.0,"Nusa Dua Beach, Bali"
Swiss Belhotel Rainforest,Rp 1.113.333,Rp 835.000,Inclusive of taxes,8.3,"Kuta, Bali"
Bedrock Hotel Kuta Bali,Rp 1.530.000,Rp 703.800,Inclusive of taxes,8.6,"Kuta, Bali"
Four Seasons Resort Bali at Jimbaran Bay - CHSE Certified,Rp 24.377.467,Rp 18.283.100,Inclusive of taxes,8.8,"Jimbaran, Bali"
HARRIS Hotel Seminyak,Rp 1.005.000,Rp 904.500,Inclusive of taxes,8.5,"Seminyak, Bali"
Benoa Sea Suites and Villas,Rp 2.880.000,Rp 1.180.800,Inclusive of taxes,8.6,"Tanjung Benoa, Bali"
Grand Zuri Kuta Bali,Rp 1.136.591,Rp 750.150,Inclusive of taxes,8.6,"Kuta, Bali"
Prime Plaza Hotel Sanur – Bali,Rp 1.307.992,Rp 837.115,Inclusive of taxes,8.5,"Sanur, Bali"
Bali Paragon Resort Hotel,Rp 1.313.641,Rp 518.888,Inclusive of taxes,8.5,"Jimbaran, Bali"
Samabe Bali Suites & Villas,Rp 7.185.914,Rp 6.108.027,Inclusive of taxes,9.0,"Nusa Dua Beach, Bali"
Fairfield by Marriott Bali Kuta Sunset Road,Rp 1.581.067,Rp 1.185.800,Inclusive of taxes,8.7,"Kuta, Bali"
"Four Points by Sheraton Bali, Kuta",Rp 1.613.333,Rp 1.210.000,Inclusive of taxes,8.5,"Legian, Bali"
Alila Seminyak,Rp 7.381.485,Rp 5.536.114,Inclusive of taxes,8.9,"Seminyak, Bali"
Mercure Bali Legian,Rp 1.176.120,Rp 882.090,Inclusive of taxes,8.4,"Legian, Bali"
Grand Kuta Hotel & Residence,Rp 1.260.000,Rp 592.200,Inclusive of taxes,8.4,"Legian, Bali"
Pandawa Hill Resort,Rp 864.800,Rp 475.640,Inclusive of taxes,8.7,"Nusa Dua Beach, Bali"
Artotel Sanur - Bali,Rp 1.182.600,Rp 946.080,Inclusive of taxes,8.8,"Sanur, Bali"
Bulgari Resort Bali - CHSE Certified,Rp 37.348.667,Rp 28.011.500,Inclusive of taxes,9.2,"Pecatu, Bali"
Holiday Inn Resort Bali Benoa,Rp 2.572.999,Rp 1.929.787,Inclusive of taxes,9.0,"Tanjung Benoa, Bali"
Bhanuswari Resort & Spa,Rp 9.176.472,Rp 2.294.118,Inclusive of taxes,8.5,"Kemenuh, Bali"
Buana Bali Villas & Spa,Rp 5.580.000,Rp 3.906.000,Inclusive of taxes,8.9,"Jimbaran, Bali"
Le Meridien Bali Jimbaran - CHSE Certified,Rp 2.339.333,Rp 1.754.500,Inclusive of taxes,8.6,"Jimbaran, Bali"
Anantara Bali Uluwatu Resort,Rp 10.742.548,Rp 8.594.038,Inclusive of taxes,8.8,"Pecatu, Bali"
Hadi Poetra Hotel,Rp 1.034.000,Rp 351.560,Inclusive of taxes,8.2,"Kuta, Bali"
SIX SENSES ULUWATU BALI,Rp 23.934.017,Rp 17.950.513,Inclusive of taxes,8.4,"Pecatu, Bali"
"Mandapa, A Ritz-Carlton Reserve",Rp 21.175.001,Rp 15.881.251,Inclusive of taxes,8.7,"Kedewatan, Bali"
The Wakanda Resort A Pramana Experience,Rp 2.357.059,Rp 1.532.088,Inclusive of taxes,9.0,"Kemenuh, Bali"
BEST WESTERN Kuta Villa,Rp 540.000,Rp 432.000,Inclusive of taxes,8.1,"Kuta, Bali"
ibis Styles Bali Benoa,Rp 978.360,Rp 733.770,Inclusive of taxes,8.3,"Tanjung Benoa, Bali"
The Mulia - Nusa Dua,Rp 11.777.533,Rp 8.833.150,Inclusive of taxes,9.2,"Nusa Dua Beach, Bali"
Amaris Teuku Umar Denpasar,Rp 460.825,Rp 373.269,Inclusive of taxes,8.2,"West Denpasar, Bali"
Stark Boutique Hotel and Spa Bali,Rp 1.086.869,Rp 597.778,Inclusive of taxes,8.2,"Kuta, Bali"
b Hotel Bali & Spa,Rp 1.596.942,Rp 630.000,Inclusive of taxes,8.5,"West Denpasar, Bali"
Lovina Beach Club & Resort,Rp 1.521.000,Rp 1.140.750,Inclusive of taxes,8.5,"Lovina, Bali"
"Marriott's Autograph Collection, The Stones Hotel, Bali",Rp 2.920.133,Rp 2.190.100,Inclusive of taxes,8.8,"Marriott's Autograph Collection, The Stones Hotel, Bali"
Ohana Hotel Kuta,Rp 1.350.000,Rp 580.500,Inclusive of taxes,8.6,"Kuta, Bali"
Seminyak Icon by Karaniya Experience,Rp 7.362.500,Rp 2.282.375,Inclusive of taxes,8.7,"Seminyak, Bali"
SOL by Melia Benoa Bali-All Inclusive,Rp 1.599.624,Rp 1.396.023,Inclusive of taxes,8.4,"Tanjung Benoa, Bali"
HOTEL & RESIDENCES Riverview Kuta - Bali (Associated HARRIS),Rp 925.200,Rp 832.680,Inclusive of taxes,8.4,"Kuta, Bali"
Hotel Santika Kuta,Rp 945.000,Rp 614.250,Inclusive of taxes,8.6,"Kuta, Bali"
Wyndham Tamansari Jivva Resort,Rp 1.018.125,Rp 814.500,Inclusive of taxes,8.7,"Klungkung, Bali"
Nunamkhalu Private Villas & Spa,Rp 6.818.181,Rp 5.522.727,Inclusive of taxes,9.2,"Kutuh, Bali"
Kaamala Resort Ubud,Rp 5.073.821,Rp 4.109.795,Inclusive of taxes,9.1,"Ubud, Bali"
Abian Harmony Hotel & Spa,Rp 1.307.968,Rp 584.001,Inclusive of taxes,8.4,"Sanur, Bali"
ibis Styles Bali Denpasar,Rp 570.274,Rp 427.706,Inclusive of taxes,8.3,"West Denpasar, Bali"
"Four Points by Sheraton Bali, Ungasan",Rp 1.290.667,Rp 968.000,Inclusive of taxes,8.7,"Jimbaran, Bali"
Vinila Villas Nusa Dua by Nakula,Rp 5.568.750,Rp 3.898.125,Inclusive of taxes,8.8,"Nusa Dua, Bali"
Kamandalu Ubud,Rp 5.083.724,Rp 3.202.746,Inclusive of taxes,9.1,"Ubud, Bali"
The Light Exclusive Villa and Spa,Rp 1.788.600,Rp 1.341.450,Inclusive of taxes,8.3,"Seminyak, Bali"
Zizz Convention Hotel,Rp 800.001,Rp 600.001,Inclusive of taxes,8.3,"West Denpasar, Bali"
The Akmani Legian,Rp 1.144.243,Rp 800.970,Inclusive of taxes,8.6,"Legian, Bali"
The Vira Bali Boutique Hotel & Suite,Rp 2.821.500,Rp 1.269.675,Inclusive of taxes,8.7,"Kuta, Bali"
Famous Hotel Kuta,Rp 5.760.000,Rp 2.476.800,Inclusive of taxes,8.4,"Tuban, Bali"
Element by Westin Bali Ubud,Rp 1.936.000,Rp 1.452.000,Inclusive of taxes,9.0,"Ubud, Bali"
Four Seasons Resort Bali at Sayan - CHSE Certified,Rp 22.102.667,Rp 16.577.000,Inclusive of taxes,9.2,"Sayan, Bali"
POP! Hotel Denpasar - Bali,Rp 380.000,Rp 342.000,Inclusive of taxes,8.0,"North Denpasar, Bali"
Fairfield by Marriott Bali Legian,Rp 1.903.733,Rp 1.427.800,Inclusive of taxes,8.7,"Legian, Bali"
"The Westin Resort & Spa Ubud, Bali",Rp 4.356.000,Rp 3.267.000,Inclusive of taxes,9.0,"The Westin Resort & Spa Ubud, Bali"
Kuta Seaview Boutique Hotel & Spa,Rp 3.330.000,Rp 1.831.500,Inclusive of taxes,8.6,"Kuta, Bali"
Aloft Bali Seminyak- CHSE Certified,Rp 2.065.067,Rp 1.548.800,Inclusive of taxes,8.8,"Seminyak, Bali"
Jumeirah Bali,Rp 15.477.028,Rp 10.624.158,Inclusive of taxes,n/a,"Pecatu, Bali"
Jumeirah Bali,Rp 15.477.028,Rp 10.624.158,Inclusive of taxes,n/a,"Pecatu, Bali"
Hotel Zia Bali - Kuta,Rp 1.303.935,Rp 1.056.187,Inclusive of taxes,8.3,"Kuta, Bali"
Bali Elephant,Rp 540.000,Rp 270.000,Inclusive of taxes,7.9,"Jimbaran, Bali"
Alam Kawi Ubud Resort & Spa,Rp 900.000,Rp 135.000,Inclusive of taxes,8.7,"Tampaksiring, Bali"
Grand Mirage Resort & Thalasso Bali,Rp 1.881.187,Rp 1.722.971,Inclusive of taxes,8.5,"Tanjung Benoa, Bali"
CLIO APARTMENTS,Rp 900.000,Rp 810.000,Inclusive of taxes,8.7,"Seminyak, Bali"
"Sthala, a Tribute Portfolio Hotel, Ubud Bali",Rp 2.097.333,Rp 1.573.000,Inclusive of taxes,9.0,"Ubud, Bali"
SereS Springs Resort & Spa,Rp 2.766.060,Rp 1.797.939,Inclusive of taxes,9.0,"Ubud, Bali"
Sithala Villa Seminyak,Rp 4.320.000,Rp 3.240.000,Inclusive of taxes,8.8,"Seminyak, Bali"
The Ritz-Carlton Bali Villas,Rp 14.600.667,Rp 10.950.500,Inclusive of taxes,8.7,"Nusa Dua Beach, Bali"
ZURI Express Jimbaran,Rp 511.875,Rp 409.500,Inclusive of taxes,8.6,"Jimbaran, Bali"
The Grand Bali Nusa Dua,Rp 1.567.500,Rp 1.175.625,Inclusive of taxes,8.6,"Nusa Dua Beach, Bali"
Padma Resort  Legian,Rp 10.664.100,Rp 3.305.871,Inclusive of taxes,9.1,"Legian, Bali"
Mars City Hotel,Rp 592.200,Rp 248.724,Inclusive of taxes,7.8,"South Denpasar, Bali"
Klapa Resort,Rp 2.160.000,Rp 1.836.000,Inclusive of taxes,8.5,"Pecatu, Bali"
Amaroossa Suite Bali,Rp 826.500,Rp 528.960,Inclusive of taxes,7.9,"Nusa Dua, Bali"
The Vasini Hotel,Rp 585.000,Rp 257.400,Inclusive of taxes,8.3,"East Denpasar, Bali"
Puri Padma Hotel,Rp 1.890.000,Rp 945.000,Inclusive of taxes,8.7,"Ubud, Bali"
Karma Kandara,Rp 9.040.330,Rp 8.279.999,Inclusive of taxes,8.5,"Ungasan, Bali"
Kutus Kutus Saba Beach Villa,Rp 3.781.819,Rp 3.063.273,Inclusive of taxes,n/a,"Saba, Bali"
Royal Regantris Kuta,Rp 465.483,Rp 377.041,Inclusive of taxes,8.6,"Kuta, Bali"
The Jas Villas,Rp 4.095.000,Rp 1.269.450,Inclusive of taxes,8.2,"Seminyak, Bali"
Watermark Hotel and Spa Bali,Rp 1.099.156,Rp 754.540,Inclusive of taxes,8.7,"Jimbaran, Bali"
The Kana Kuta Hotel,Rp 1.284.904,Rp 703.499,Inclusive of taxes,8.7,"Kuta, Bali"
Ashoka Tree Resort at Tanggayuda,Rp 1.260.000,Rp 604.800,Inclusive of taxes,8.6,"Kedewatan, Bali"
Solia Legian Bali,Rp 810.000,Rp 583.200,Inclusive of taxes,8.8,"Legian, Bali"
Jumana Bali Ungasan Resort Managed by Hilton,Rp 12.906.667,Rp 9.680.000,Inclusive of taxes,8.8,"Ungasan, Bali"
Taksu Sanur Hotel,Rp 1.600.200,Rp 800.100,Inclusive of taxes,8.7,"Sanur, Bali"
Bali Garden Beach Resort,Rp 2.160.000,Rp 1.620.000,Inclusive of taxes,8.4,"Kuta, Bali"
J4 Hotels Legian,Rp 6.966.000,Rp 2.786.400,Inclusive of taxes,8.6,"Legian, Bali"
The Wangsa Hotel and Villas Benoa,Rp 807.600,Rp 605.700,Inclusive of taxes,8.5,"Tanjung Benoa, Bali"
ibis Bali Kuta,Rp 634.799,Rp 476.099,Inclusive of taxes,8.2,"Tuban, Bali"
Best Western Premier Agung Resort Ubud,Rp 1.314.000,Rp 1.051.200,Inclusive of taxes,8.8,"Ubud, Bali"
Kayangan Villa Ubud,Rp 1.372.750,Rp 892.288,Inclusive of taxes,8.9,"Tegallalang, Bali"
Villa Seminyak Estate & Spa By Astadala,Rp 1.368.000,Rp 957.600,Inclusive of taxes,8.7,"Seminyak, Bali"
Ulu Segara Luxury Suites and Villas,Rp 2.195.389,Rp 1.778.265,Inclusive of taxes,8.8,"Nusa Dua Beach, Bali"
Marriott Bali Nusa Dua Gardens - CHSE Certified,Rp 3.630.000,Rp 2.722.500,Inclusive of taxes,8.8,"Nusa Dua Beach, Bali"
Bali Tropic Resort & Spa,Rp 2.137.500,Rp 1.389.375,Inclusive of taxes,8.5,"Tanjung Benoa, Bali"
Mercure Resort Sanur,Rp 998.760,Rp 914.760,Inclusive of taxes,8.4,"Sanur, Bali"
Bali Relaxing Resort & Spa,Rp 1.479.600,Rp 739.800,Inclusive of taxes,8.5,"Tanjung Benoa, Bali"
Padmasari Resort,Rp 2.700.000,Rp 1.620.000,Inclusive of taxes,8.7,"Lovina, Bali"
Sanur Agung Hotel,Rp 332.500,Rp 266.000,Inclusive of taxes,7.9,"Sanur, Bali"
Grandmas Plus Hotel - Legian,Rp 2.666.666,Rp 1.173.333,Inclusive of taxes,8.8,"Legian, Bali"
Tijili Seminyak,Rp 1.409.902,Rp 967.779,Inclusive of taxes,8.9,"Seminyak, Bali"
Best Western Resort Kuta,Rp 639.000,Rp 511.200,Inclusive of taxes,8.1,"Kuta, Bali"
Om Ham Retreat and Resort,Rp 990.000,Rp 495.000,Inclusive of taxes,9.0,"Tegallalang, Bali"
ION Bali Benoa Hotel,Rp 720.000,Rp 331.200,Inclusive of taxes,8.1,"Tanjung Benoa, Bali"
Titik Dua,Rp 2.392.000,Rp 2.272.400,Inclusive of taxes,9.1,"Ubud, Bali"
Sujiwa Ubud Retreat Villa,Rp 674.100,Rp 370.755,Inclusive of taxes,8.6,"Kemenuh, Bali"
The Bene - By Astadala,Rp 685.886,Rp 628.200,Inclusive of taxes,8.3,"Kuta, Bali"
Holiday Inn Express BARUNA BALI,Rp 1.421.141,Rp 1.065.894,Inclusive of taxes,8.4,"Kuta, Bali"
New Sunari Lovina Beach Resort,Rp 702.000,Rp 442.260,Inclusive of taxes,7.7,"Lovina, Bali"
Kastara Resort,Rp 4.995.000,Rp 2.597.400,Inclusive of taxes,8.9,"Payangan, Bali"
"The Laguna, a Luxury Collection Resort & Spa, Nusa Dua, Bali",Rp 5.646.667,Rp 4.235.000,Inclusive of taxes,9.0,"The Laguna, a Luxury Collection Resort & Spa, Nusa Dua, Bali"
Paisa Seminyak Living,Rp 1.989.833,Rp 1.611.765,Inclusive of taxes,8.4,"Seminyak, Bali"
Renaissance Bali Uluwatu Resort & Spa,Rp 52.191.333,Rp 39.143.500,Inclusive of taxes,9.0,"Ungasan, Bali"
Cara Cara Inn,Rp 390.600,Rp 300.762,Inclusive of taxes,8.8,"Kuta, Bali"
Negara Hotel,Rp 405.000,Rp 202.500,Inclusive of taxes,8.0,"Negara, Bali"
bvilla+spa,Rp 3.915.723,Rp 3.752.500,Inclusive of taxes,8.3,"Seminyak, Bali"
Arena Living,Rp 1.260.000,Rp 554.400,Inclusive of taxes,8.9,"Sanur, Bali"
Mara River Safari Lodge,Rp 8.702.479,Rp 6.526.859,Inclusive of taxes,8.6,"Keramas, Bali"
Bali Nusa Dua Hotel,Rp 1.890.000,Rp 1.096.200,Inclusive of taxes,8.9,"Nusa Dua, Bali"
Praja Hotel,Rp 302.921,Rp 245.366,Inclusive of taxes,8.5,"South Denpasar, Bali"
S18 Bali Villas,Rp 3.811.500,Rp 2.429.831,Inclusive of taxes,8.9,"Legian, Bali"
Ayola Bali Jimbaran,Rp 384.000,Rp 288.000,Inclusive of taxes,8.4,"Jimbaran, Bali"
The Lovina Bali,Rp 3.366.250,Rp 1.851.438,Inclusive of taxes,8.9,"Lovina, Bali"
The Samaya Seminyak,Rp 11.979.000,Rp 8.145.720,Inclusive of taxes,8.5,"Seminyak, Bali"
Bumi Linggah Villas Bali,Rp 1.845.375,Rp 830.419,Inclusive of taxes,8.8,"Sukawati, Bali"
Bumi Linggah Villas Bali,Rp 1.845.375,Rp 830.419,Inclusive of taxes,8.8,"Sukawati, Bali"
Hotel Puri Ayu,Rp 725.000,Rp 326.250,Inclusive of taxes,8.2,"West Denpasar, Bali"
Plataran Ubud Hotel and Spa,Rp 2.286.900,Rp 1.715.175,Inclusive of taxes,8.9,"Monkey Forest, Bali"
Maison Aurelia Sanur - by Préférence,Rp 2.840.000,Rp 2.130.000,Inclusive of taxes,8.8,"Sanur, Bali"
Grand Barong Resort Bali,Rp 855.000,Rp 684.000,Inclusive of taxes,8.6,"Poppies, Bali"
Signature Seminyak Smart Hotel,Rp 558.000,Rp 418.500,Inclusive of taxes,8.3,"Seminyak, Bali"
Prana Villa Jimbaran,Rp 534.843,Rp 374.390,Inclusive of taxes,8.5,"Jimbaran, Bali"
The Crystal Luxury Bay Resort Nusa Dua - Bali,Rp 1.940.125,Rp 873.056,Inclusive of taxes,8.1,"Nusa Dua, Bali"
The Sintesa Jimbaran Bali,Rp 764.716,Rp 524.897,Inclusive of taxes,8.3,"Jimbaran, Bali"
The Garcia Ubud Hotel and Resort,Rp 4.418.582,Rp 1.972.873,Inclusive of taxes,9.0,"Ubud, Bali"
Amnaya Resort Nusa Dua,Rp 9.339.574,Rp 4.296.204,Inclusive of taxes,9.1,"Tanjung Benoa, Bali"
Jas Green Villas And Spa,Rp 4.005.000,Rp 1.241.550,Inclusive of taxes,8.1,"Seminyak, Bali"
SOL by Meliá Kuta Bali,Rp 1.150.569,Rp 917.610,Inclusive of taxes,8.3,"Kuta, Bali"
One Eleven,Rp 10.800.000,Rp 8.100.000,Inclusive of taxes,9.2,"Seminyak, Bali"
18 Suite Villa Loft,Rp 1.133.334,Rp 850.000,Inclusive of taxes,9.0,"Kuta, Bali"
d’primahotel Seminyak,Rp 972.000,Rp 826.200,Inclusive of taxes,8.3,"Seminyak, Bali"
OYO Flagship 2688 Guntur Hotel,Rp 313.000,Rp 244.140,Inclusive of taxes,7.7,"East Denpasar, Bali"
Asoka City Bali,Rp 390.000,Rp 292.500,Inclusive of taxes,8.0,"Kuta, Bali"
OYO 3261 Hotel Ratu,Rp 165.471,Rp 129.067,Inclusive of taxes,7.5,"West Denpasar, Bali"
Amnaya Resort Kuta,Rp 2.871.489,Rp 1.320.885,Inclusive of taxes,9.0,"Kuta, Bali"
Prime Plaza Suites Sanur – Bali,Rp 1.741.300,Rp 1.305.975,Inclusive of taxes,8.6,"Sanur, Bali"
Yan's House Hotel,Rp 2.975.000,Rp 952.000,Inclusive of taxes,9.0,"Kuta, Bali"
Candi Beach Resort and Spa,Rp 3.970.800,Rp 2.382.480,Inclusive of taxes,8.7,"Candidasa, Bali"
OYO 2225 Catur Adi Putra,Rp 179.318,Rp 139.868,Inclusive of taxes,7.9,"West Denpasar, Bali"
Artotel Haniman Ubud,Rp 1.887.717,Rp 1.295.840,Inclusive of taxes,9.0,"Ubud, Bali"
InterContinental Hotels BALI RESORT,Rp 5.145.998,Rp 3.859.423,Inclusive of taxes,8.9,"Jimbaran, Bali"
Segara Village Hotel,Rp 1.839.165,Rp 1.524.239,Inclusive of taxes,8.7,"Sanur, Bali"
Link Costel,Rp 333.335,Rp 250.001,Inclusive of taxes,8.1,"West Denpasar, Bali"
Sari Villa Ubud,Rp 999.999,Rp 609.999,Inclusive of taxes,8.7,"Kedewatan, Bali"
Dee Mansion,Rp 358.938,Rp 183.058,Inclusive of taxes,8.1,"West Denpasar, Bali"
Dee Mansion,Rp 358.938,Rp 183.058,Inclusive of taxes,8.1,"West Denpasar, Bali"
Villa Ambara Bali,Rp 6.496.875,Rp 5.197.500,Inclusive of taxes,n/a,"Canggu, Bali"
Puri Saron Seminyak,Rp 2.880.000,Rp 1.497.600,Inclusive of taxes,8.3,"Seminyak, Bali"
KajaNe Yangloni at Ubud Bali,Rp 1.784.500,Rp 1.338.375,Inclusive of taxes,9.1,"Ubud, Bali"
The Leaf Jimbaran Luxury Villas,Rp 4.725.000,Rp 2.835.000,Inclusive of taxes,8.3,"Jimbaran, Bali"
Aria Exclusive Villa & Spa,Rp 3.600.000,Rp 2.700.000,Inclusive of taxes,8.8,"Seminyak, Bali"
Black Penny Villas Ubud,Rp 7.978.667,Rp 5.984.000,Inclusive of taxes,8.8,"Kedewatan, Bali"
Komaneka at Monkey Forest,Rp 5.400.000,Rp 3.780.000,Inclusive of taxes,9.2,"Monkey Forest, Bali"
Maya Ubud Resort & Spa,Rp 15.622.149,Rp 9.841.954,Inclusive of taxes,8.9,"Ubud, Bali"
The Ayu Kintamani Villa at Toya Devasya,Rp 2.905.000,Rp 1.888.250,Inclusive of taxes,8.3,"Kintamani, Bali"
Radisson Blu Bali Uluwatu,Rp 3.375.900,Rp 2.869.515,Inclusive of taxes,8.5,"Pecatu, Bali"
The Sawah Villa,Rp 588.000,Rp 441.000,Inclusive of taxes,8.6,"Kemenuh, Bali"
Hotel Mandari,Rp 380.000,Rp 285.000,Inclusive of taxes,8.6,"Singaraja, Bali"
Graha Socio  Hotel Nusa Dua,Rp 1.641.751,Rp 816.751,Inclusive of taxes,n/a,"Nusa Dua, Bali"
Senetan Villas and Spa Resort,Rp 2.430.000,Rp 1.701.000,Inclusive of taxes,8.7,"Payangan, Bali"
Legian Beach Hotel,Rp 3.082.556,Rp 2.115.992,Inclusive of taxes,8.4,"Legian, Bali"
Bali Golden Elephant,Rp 540.000,Rp 270.000,Inclusive of taxes,7.9,"Jimbaran, Bali"
BALQUISSE Heritage Hotel,Rp 1.620.000,Rp 1.296.000,Inclusive of taxes,9.0,"Jimbaran, Bali"
Adhi Jaya Hotel,Rp 1.854.000,Rp 778.680,Inclusive of taxes,8.7,"Kuta, Bali"
ibis Bali Legian Street,Rp 696.960,Rp 522.720,Inclusive of taxes,8.6,"Legian, Bali"
Kampi Villas by Premier Hospitality Asia,Rp 6.120.000,Rp 3.060.000,Inclusive of taxes,7.6,"Nusa Dua Beach, Bali"
Inna Sindhu Beach Hotel & Resort,Rp 1.197.000,Rp 897.750,Inclusive of taxes,8.6,"Sanur, Bali"
Bintang Kuta Hotel,Rp 1.530.000,Rp 765.000,Inclusive of taxes,8.7,"Kuta, Bali"
Odika Lovina House and Villas,Rp 1.472.500,Rp 515.375,Inclusive of taxes,8.6,"Lovina, Bali"
Kampung Cenik,Rp 728.333,Rp 546.250,Inclusive of taxes,8.9,"Legian, Bali"
Ananta Legian Hotel,Rp 625.050,Rp 562.545,Inclusive of taxes,8.0,"Legian, Bali"
Bali Mandira Beach Resort & Spa,Rp 5.890.000,Rp 4.417.500,Inclusive of taxes,8.3,"Legian, Bali"
Komaneka at Rasa Sayang,Rp 2.700.000,Rp 1.890.000,Inclusive of taxes,9.1,"Monkey Forest, Bali"
Hotel Grand Santhi,Rp 900.000,Rp 315.000,Inclusive of taxes,8.0,"West Denpasar, Bali"
Grand Mirah Boutique Hotel,Rp 607.500,Rp 388.800,Inclusive of taxes,8.5,"East Denpasar, Bali"
Ramayana Suites & Resort,Rp 1.710.000,Rp 1.248.300,Inclusive of taxes,8.6,"Kuta, Bali"
Keraton Jimbaran Resort,Rp 780.079,Rp 631.864,Inclusive of taxes,8.3,"Jimbaran, Bali"
Inna Bali Heritage Hotel,Rp 693.000,Rp 381.150,Inclusive of taxes,8.3,"North Denpasar, Bali"
Alam Sembuwuk Resort Ubud,Rp 765.000,Rp 367.200,Inclusive of taxes,8.5,"Tampaksiring, Bali"
The Rinaya Canggu by ecommerceloka,Rp 1.544.013,Rp 783.693,Inclusive of taxes,8.0,"Canggu, Bali"
Hideaway Villas Bali Uluwatu by Kanaan Hospitality,Rp 3.438.000,Rp 2.750.400,Inclusive of taxes,8.8,"Pecatu, Bali"
Melasti Kuta Bungalows and Spa,Rp 850.000,Rp 280.500,Inclusive of taxes,7.9,"Kuta, Bali"
Serela Legian by KAGUM Hotels,Rp 454.500,Rp 386.325,Inclusive of taxes,8.4,"Legian, Bali"
Villa Harmony Residence,Rp 2.940.000,Rp 2.205.000,Inclusive of taxes,8.0,"Seminyak, Bali"
Bali Sandy Resort,Rp 1.109.822,Rp 680.400,Inclusive of taxes,8.0,"Poppies, Bali"
Wirton Seminyak Boutique Hotel,Rp 468.000,Rp 351.000,Inclusive of taxes,8.3,"Seminyak, Bali"
Adi Assri Beach Resort & Spa,Rp 799.077,Rp 647.253,Inclusive of taxes,8.4,"Pemuteran, Bali"
Goya Boutique Resort,Rp 6.850.994,Rp 5.001.226,Inclusive of taxes,8.8,"Ubud, Bali"
OYO 1654 Maha Bharata Kuta Inn,Rp 357.452,Rp 178.726,Inclusive of taxes,7.8,"Legian, Bali"
Mahagiri Resort Nusa Lembongan,Rp 1.099.156,Rp 754.540,Inclusive of taxes,8.8,"Nusa Lembongan, Bali"
Yucca Villas,Rp 5.750.000,Rp 2.875.000,Inclusive of taxes,9.2,"Canggu, Bali"
Grand La Walon Hotel,Rp 630.000,Rp 504.000,Inclusive of taxes,8.7,"Legian, Bali"
Beautiful Bali Villas,Rp 3.120.300,Rp 2.496.240,Inclusive of taxes,8.6,"Legian, Bali"
Bali Rani Hotel,Rp 2.250.000,Rp 945.000,Inclusive of taxes,8.6,"Kuta, Bali"
Lasanti Villas and Spa Seminyak,Rp 2.936.000,Rp 1.556.080,Inclusive of taxes,8.9,"Seminyak, Bali"
Kuta Central Park Hotel,Rp 1.794.000,Rp 717.600,Inclusive of taxes,8.3,"Kuta, Bali"
Ubud Hills Villa and Resort,Rp 4.440.000,Rp 1.514.928,Inclusive of taxes,8.7,"Tegallalang, Bali"
Nusa Majesty,Rp 625.500,Rp 375.300,Inclusive of taxes,8.4,"Nusa Penida, Bali"
Jas Boutique Villas,Rp 4.095.000,Rp 1.269.450,Inclusive of taxes,8.5,"Seminyak, Bali"
Coco De Heaven,Rp 450.000,Rp 202.500,Inclusive of taxes,8.1,"Jimbaran, Bali"
Adiwana Dara Ayu Villas,Rp 3.820.431,Rp 3.094.549,Inclusive of taxes,8.6,"Payangan, Bali"
The Magani Hotel and Spa,Rp 1.455.345,Rp 1.353.471,Inclusive of taxes,8.5,"Legian, Bali"
Bayad Ubud Bali Villa,Rp 1.773.334,Rp 1.330.001,Inclusive of taxes,8.0,"Payangan, Bali"
Kubu GWK Resort,Rp 1.755.000,Rp 614.250,Inclusive of taxes,8.8,"Jimbaran, Bali"
"The Lokha Ubud Resort, Villas & Spa",Rp 1.681.569,Rp 870.400,Inclusive of taxes,8.8,"Payangan, Bali"
Wina Holiday Villa Kuta Bali,Rp 917.563,Rp 743.226,Inclusive of taxes,8.3,"Kuta, Bali"
Gending Kedis Luxury Villas & Spa Estate,Rp 11.340.000,Rp 6.463.800,Inclusive of taxes,8.7,"Jimbaran, Bali"
Plagoo Holiday Hotel,Rp 669.031,Rp 459.285,Inclusive of taxes,8.3,"Nusa Dua, Bali"
Nesa Sanur,Rp 710.285,Rp 484.877,Inclusive of taxes,8.3,"Sanur, Bali"
Hotel Sorga Cottages Kuta,Rp 238.621,Rp 208.249,Inclusive of taxes,8.0,"Poppies, Bali"
Argya Santi Resort,Rp 660.000,Rp 495.000,Inclusive of taxes,8.7,"Jimbaran, Bali"
The Diana Suite Hotel,Rp 710.775,Rp 355.388,Inclusive of taxes,8.7,"Tuban, Bali"
Rantun's Place,Rp 836.104,Rp 568.551,Inclusive of taxes,8.0,"Nusa Dua Beach, Bali"
Tropico Jimbaran Bali,Rp 323.760,Rp 226.632,Inclusive of taxes,8.8,"Jimbaran, Bali"
Gana Hotel & Restaurant,Rp 1.260.000,Rp 630.000,Inclusive of taxes,8.9,"Monkey Forest, Bali"
Peppers Seminyak,Rp 15.246.000,Rp 11.434.500,Inclusive of taxes,8.3,"Seminyak, Bali"
Taman Harum Cottages,Rp 1.759.500,Rp 1.055.700,Inclusive of taxes,8.2,"Ubud, Bali"
Mutiara Bali Boutique Resort Villas and Spa,Rp 1.811.350,Rp 905.675,Inclusive of taxes,8.8,"Seminyak, Bali"
OYO 1200 Kencana Residence,Rp 257.643,Rp 200.962,Inclusive of taxes,8.3,"Jimbaran, Bali"
The Hill Ungasan Bukit Jimbaran,Rp 630.000,Rp 214.200,Inclusive of taxes,8.3,"Jimbaran, Bali"
Karang Lila Bhuana Ubud,Rp 682.521,Rp 511.891,Inclusive of taxes,9.3,"Ubud, Bali"
The Alantara Sanur,Rp 1.362.060,Rp 934.973,Inclusive of taxes,8.8,"Sanur, Bali"
Destiny Boutique Hotel,Rp 1.449.459,Rp 565.289,Inclusive of taxes,8.4,"Seminyak, Bali"
Kuwarasan A Pramana Experience,Rp 2.439.000,Rp 1.829.250,Inclusive of taxes,9.0,"Tegallalang, Bali"
OYO 2184 Nan Berlian Inn,Rp 228.042,Rp 143.666,Inclusive of taxes,7.0,"Legian, Bali"
Tanadewa Resort & Spa Ubud,Rp 3.972.152,Rp 1.866.911,Inclusive of taxes,8.7,"Ubud, Bali"
Dinara Ubud,Rp 2.923.044,Rp 1.153.153,Inclusive of taxes,8.8,"Ubud, Bali"
Samuh Ocean Sunset Hotel by WizZeLa,Rp 1.099.687,Rp 769.781,Inclusive of taxes,8.1,"Nusa Penida, Bali"
Omatha Village,Rp 612.000,Rp 336.600,Inclusive of taxes,8.7,"East Denpasar, Bali"
The Awan Villas,Rp 4.652.458,Rp 1.628.360,Inclusive of taxes,8.6,"Seminyak, Bali"
Alam Kulkul Boutique Resort,Rp 1.783.710,Rp 981.041,Inclusive of taxes,8.4,"Legian, Bali"
"Abian Srama Hotel, Massage And Spa",Rp 173.333,Rp 130.000,Inclusive of taxes,7.5,"Sanur, Bali"
Astagina Resort Villa and Spa,Rp 3.402.936,Rp 1.692.918,Inclusive of taxes,8.4,"Legian, Bali"
Pondok Anyar Hotel,Rp 517.500,Rp 258.750,Inclusive of taxes,8.0,"Kuta, Bali"
"FuramaXclusive Resort & Villas, Ubud",Rp 1.350.000,Rp 796.500,Inclusive of taxes,8.5,"Abiansemal, Bali"
Nata Ubud,Rp 1.440.000,Rp 921.600,Inclusive of taxes,8.4,"Ubud, Bali"
The Bandha Hotel & Suites,Rp 5.687.147,Rp 3.903.924,Inclusive of taxes,8.9,"Legian, Bali"
Hotel Terrace at Kuta,Rp 757.052,Rp 459.000,Inclusive of taxes,8.7,"Legian, Bali"
Dedary Resort Ubud,Rp 2.400.000,Rp 1.560.000,Inclusive of taxes,8.7,"Tegallalang, Bali"
Adelia Residence,Rp 121.021,Rp 90.766,Inclusive of taxes,8.1,"West Denpasar, Bali"
La Berceuse Resort and Villa Nusa Dua by Taritiya Collection,Rp 2.153.844,Rp 1.184.614,Inclusive of taxes,8.5,"Nusa Dua, Bali"
Collection O 91300 Sunny Side Villa,Rp 304.486,Rp 237.499,Inclusive of taxes,n/a,"Seminyak, Bali"
Kutus Kutus Mas Ubud Villa,Rp 1.098.000,Rp 549.000,Inclusive of taxes,9.1,"Ubud, Bali"
Aniniraka Resort And Spa,Rp 835.248,Rp 765.000,Inclusive of taxes,8.5,"Sayan, Bali"
Vico Hotel,Rp 178.860,Rp 134.145,Inclusive of taxes,7.7,"Tanjung Benoa, Bali"
Segara Sadhu Inn Kuta,Rp 270.000,Rp 118.800,Inclusive of taxes,8.0,"Poppies, Bali"
SenS Hotel and Spa,Rp 1.913.151,Rp 1.412.763,Inclusive of taxes,8.9,"Ubud, Bali"
Atta Mesari Ubud,Rp 3.285.799,Rp 1.642.900,Inclusive of taxes,8.5,"Ubud, Bali"
Anja Jimbaran,Rp 1.850.980,Rp 1.499.294,Inclusive of taxes,8.6,"Jimbaran, Bali"
The Pari Sudha,Rp 1.554.798,Rp 932.879,Inclusive of taxes,8.7,"Ubud, Bali"
Natya Tanah Lot,Rp 1.826.532,Rp 1.187.246,Inclusive of taxes,8.9,"Tanah Lot, Bali"
Manta Cottage Sea View Plus,Rp 1.000.000,Rp 750.000,Inclusive of taxes,8.4,"Nusa Penida, Bali"
Tira Vilagna Suites & Spa,Rp 7.830.000,Rp 5.872.500,Inclusive of taxes,9.4,"Kintamani, Bali"
The Niche Bali,Rp 440.000,Rp 330.000,Inclusive of taxes,8.3,"Legian, Bali"
Samana Residence Denpasar,Rp 390.000,Rp 292.500,Inclusive of taxes,8.3,"South Denpasar, Bali"
The Akasha Boutique Hotel,Rp 3.291.861,Rp 3.015.001,Inclusive of taxes,n/a,"Seminyak, Bali"
Fourteen Roses Boutique Hotel Kuta,Rp 810.000,Rp 518.400,Inclusive of taxes,8.1,"Legian, Bali"
Fourteen Roses Boutique Hotel Kuta,Rp 810.000,Rp 518.400,Inclusive of taxes,8.1,"Legian, Bali"
The Tiing Tejakula Villas,Rp 1.951.200,Rp 1.463.400,Inclusive of taxes,8.7,"Tejakula, Bali"
Sunrise Hotel Sanur,Rp 378.000,Rp 189.000,Inclusive of taxes,7.5,"Sanur, Bali"
M BOX SEMINYAK,Rp 133.333,Rp 100.000,Inclusive of taxes,8.6,"Seminyak, Bali"
OYO 1670 Likko Inn,Rp 282.831,Rp 220.608,Inclusive of taxes,7.9,"North Denpasar, Bali"
Avani Seminyak Bali Resort,Rp 2.747.959,Rp 2.335.765,Inclusive of taxes,n/a,"Seminyak, Bali"
Yulia Beach Inn Kuta,Rp 994.500,Rp 358.020,Inclusive of taxes,8.6,"Kuta, Bali"
Chillin Kuta Homestay,Rp 215.552,Rp 191.841,Inclusive of taxes,8.3,"Tuban, Bali"
Villa Puri Ayu,Rp 983.367,Rp 577.089,Inclusive of taxes,8.5,"Sanur, Bali"
The Nani,Rp 1.668.000,Rp 1.251.000,Inclusive of taxes,8.4,"Ubud, Bali"
Nirmala Hotel Jimbaran,Rp 554.400,Rp 230.076,Inclusive of taxes,7.5,"Jimbaran, Bali"
Eden The Residence,Rp 11.262.627,Rp 7.899.468,Inclusive of taxes,8.8,"Seminyak, Bali"
Zest Legian by Swiss-Belhotel International,Rp 606.667,Rp 455.000,Inclusive of taxes,9.0,"Legian, Bali"
Airis Luxury Villas & Spa,Rp 2.600.000,Rp 1.716.000,Inclusive of taxes,8.4,"Ungasan, Bali"
Alindra Villa,Rp 2.610.000,Rp 1.539.900,Inclusive of taxes,8.4,"Jimbaran, Bali"
Hotel Sentral Bali,Rp 196.267,Rp 147.200,Inclusive of taxes,7.8,"Singaraja, Bali"
La Cabane Bali,Rp 3.510.000,Rp 2.632.500,Inclusive of taxes,9.2,"Jimbaran, Bali"
Adi Dharma Hotel Kuta,Rp 1.020.000,Rp 663.000,Inclusive of taxes,8.5,"Kuta, Bali"
MATHIS Retreat,Rp 2.842.609,Rp 2.131.957,Inclusive of taxes,n/a,"Kedewatan, Bali"
Cicada Luxury Townhouses,Rp 4.207.536,Rp 3.671.999,Inclusive of taxes,8.6,"Seminyak, Bali"
OYO 90291 Vin Stay Petanu,Rp 499.255,Rp 389.419,Inclusive of taxes,7.4,"South Denpasar, Bali"
Amadea Resort & Villas Seminyak Bali,Rp 5.272.307,Rp 3.427.000,Inclusive of taxes,8.6,"Seminyak, Bali"
Adikara Renon,Rp 371.565,Rp 182.067,Inclusive of taxes,8.4,"South Denpasar, Bali"
Kedin's Inn,Rp 330.000,Rp 247.500,Inclusive of taxes,8.3,"Poppies, Bali"
The Bali Dream Villa Seminyak,Rp 3.793.724,Rp 2.835.002,Inclusive of taxes,8.8,"Seminyak, Bali"
Home 21 Bali,Rp 1.091.426,Rp 545.713,Inclusive of taxes,8.5,"Sanur, Bali"
The Salila Beach Resort Seminyak Bali,Rp 3.150.000,Rp 2.520.000,Inclusive of taxes,9.0,"Seminyak, Bali"
Ramayana Candidasa,Rp 3.893.750,Rp 1.199.275,Inclusive of taxes,8.7,"Candidasa, Bali"
Ossotel Legian,Rp 2.045.188,Rp 934.184,Inclusive of taxes,8.9,"Legian, Bali"
Easton Kuta,Rp 583.334,Rp 175.000,Inclusive of taxes,7.9,"Tuban, Bali"
Kak Garden Inn,Rp 340.000,Rp 187.000,Inclusive of taxes,8.7,"Kuta, Bali"
Visual Inn,Rp 220.313,Rp 165.235,Inclusive of taxes,9.3,"Nusa Penida, Bali"
The Kanjeng Hotel Kuta,Rp 269.304,Rp 218.136,Inclusive of taxes,5.6,"Kuta, Bali"
Restu Bali Hotel,Rp 141.067,Rp 105.800,Inclusive of taxes,8.4,"Legian, Bali"
The Alley City Hotel,Rp 320.000,Rp 240.000,Inclusive of taxes,8.3,"Sanur, Bali"
Dhyana Pura City Hotel,Rp 315.000,Rp 163.800,Inclusive of taxes,8.3,"Mengwi, Bali"
The Bale Villas Nusa Dua,Rp 8.419.500,Rp 5.893.650,Inclusive of taxes,8.5,"Nusa Dua Beach, Bali"
Wide Sands Beach Retreat,Rp 1.340.000,Rp 710.200,Inclusive of taxes,8.6,"Mendoyo, Bali"
Avisara Villa And Guesthouse,Rp 965.988,Rp 434.695,Inclusive of taxes,8.8,"Nusa Dua, Bali"
Awatara Boutique Resort,Rp 985.765,Rp 542.171,Inclusive of taxes,n/a,"Kedewatan, Bali"
Matahari House,Rp 450.000,Rp 202.500,Inclusive of taxes,8.2,"Kuta, Bali"
Sebrang Hill Bungalow,Rp 300.000,Rp 225.000,Inclusive of taxes,9.3,"Nusa Penida, Bali"
OYO 91204 Napura Homestay,Rp 216.310,Rp 168.722,Inclusive of taxes,8.2,"West Denpasar, Bali"
Hidden Hills Villas,Rp 11.052.903,Rp 8.289.677,Inclusive of taxes,9.0,"Pecatu, Bali"
Hotel Gran Surya,Rp 549.019,Rp 411.764,Inclusive of taxes,8.3,"Seririt, Bali"
The Carik Bisma Ubud,Rp 810.000,Rp 437.400,Inclusive of taxes,n/a,"Monkey Forest, Bali"
The Haere – By Astadala,Rp 2.700.000,Rp 1.890.000,Inclusive of taxes,8.2,"Seminyak, Bali"
Rama Residence Padma,Rp 3.057.933,Rp 1.333.801,Inclusive of taxes,8.9,"Legian, Bali"
Batukaru Garden 5 Bali Sevilla Residence,Rp 253.200,Rp 189.900,Inclusive of taxes,8.9,"Canggu, Bali"
Grandmas Plus Hotel Airport,Rp 3.555.555,Rp 1.564.444,Inclusive of taxes,8.8,"Tuban, Bali"
Nirwana Beach & Resort,Rp 2.208.960,Rp 1.656.720,Inclusive of taxes,8.7,"Candidasa, Bali"
Villa Essence Seminyak,Rp 5.066.667,Rp 3.800.000,Inclusive of taxes,n/a,"Seminyak, Bali"
Ila Villa Ubud,Rp 696.667,Rp 522.500,Inclusive of taxes,8.6,"Ubud, Bali"
Cozy Residence Wedasari Bali,Rp 202.400,Rp 101.200,Inclusive of taxes,8.0,"West Denpasar, Bali"
OYO 2280 Wisma Guntur Ii,Rp 139.949,Rp 109.160,Inclusive of taxes,8.2,"East Denpasar, Bali"
Febri's Hotel & Spa,Rp 795.340,Rp 596.505,Inclusive of taxes,8.8,"Kuta, Bali"
OYO 1489 Simona Hotel,Rp 222.756,Rp 140.336,Inclusive of taxes,6.9,"Canggu, Bali"
Hotel Vila Lumbung,Rp 1.170.000,Rp 924.300,Inclusive of taxes,8.1,"Seminyak, Bali"
Villa Mandi Ubud,Rp 1.745.000,Rp 325.093,Inclusive of taxes,8.3,"Ubud, Bali"
Grand Asahan House,Rp 202.667,Rp 152.000,Inclusive of taxes,8.3,"West Denpasar, Bali"
Taman Surgawi Resort & Spa,Rp 780.000,Rp 585.000,Inclusive of taxes,8.8,"Amlapura, Bali"
Hotel Gianyar,Rp 190.000,Rp 142.500,Inclusive of taxes,8.0,"Gianyar Kota, Bali"
Swahita Ubud,Rp 1.339.255,Rp 1.049.999,Inclusive of taxes,8.8,"Ubud, Bali"
Bali Summer Hotel,Rp 560.461,Rp 253.126,Inclusive of taxes,7.7,"Kuta, Bali"
Amalfi Hotel Seminyak,Rp 824.367,Rp 667.737,Inclusive of taxes,8.6,"Seminyak, Bali"
OYO 1433 Homestay Rumahku,Rp 353.844,Rp 222.922,Inclusive of taxes,7.8,"Kuta, Bali"
Taman Ayu 212,Rp 411.667,Rp 308.750,Inclusive of taxes,8.6,"South Denpasar, Bali"
Cattleya Pool Suite - Seminyak by Marbella,Rp 1.235.000,Rp 926.250,Inclusive of taxes,8.4,"Seminyak, Bali"
Sea Terras Suite And Luxury,Rp 1.305.000,Rp 717.750,Inclusive of taxes,8.7,"Nusa Penida, Bali"
Legian Paradiso Hotel,Rp 619.230,Rp 393.335,Inclusive of taxes,8.0,"Legian, Bali"
Jay’s Villa Umalas,Rp 1.800.000,Rp 936.000,Inclusive of taxes,8.2,"Umalas, Bali"
"Alam Ubud Culture, Environment Villas & Residences",Rp 3.600.000,Rp 1.260.000,Inclusive of taxes,8.6,"Tegallalang, Bali"
Suites by Watermark Hotel and Spa,Rp 3.070.010,Rp 1.535.005,Inclusive of taxes,9.0,"Jimbaran, Bali"
Hotel Mahajaya,Rp 241.190,Rp 209.835,Inclusive of taxes,7.7,"North Denpasar, Bali"
OYO 90690 Pondok Dukuh,Rp 126.922,Rp 98.999,Inclusive of taxes,n/a,"Nusa Dua, Bali"
OYO 1051 De Loran Hotel,Rp 540.573,Rp 421.647,Inclusive of taxes,8.5,"Seririt, Bali"
Jimbarwana Hotel,Rp 696.667,Rp 522.500,Inclusive of taxes,n/a,"Negara, Bali"
The Aromas of Bali Hotel & Residence,Rp 434.380,Rp 360.000,Inclusive of taxes,7.6,"Legian, Bali"
Visesa Ubud Resort,Rp 3.904.251,Rp 2.329.251,Inclusive of taxes,8.9,"Ubud, Bali"
Nusabay Menjangan WHM,Rp 3.572.346,Rp 1.250.321,Inclusive of taxes,9.3,"Menjangan, Bali"
Arana Suite,Rp 2.329.200,Rp 1.164.600,Inclusive of taxes,9.0,"Legian, Bali"
Dea Graha,Rp 226.667,Rp 170.000,Inclusive of taxes,8.1,"South Denpasar, Bali"
Taman Dharmawangsa Suites,Rp 3.178.058,Rp 1.645.000,Inclusive of taxes,n/a,"Nusa Dua, Bali"
Jani's Place Cottage,Rp 2.024.000,Rp 769.120,Inclusive of taxes,8.9,"Monkey Forest, Bali"
Taksu Nusa Dua Guest House,Rp 300.000,Rp 225.000,Inclusive of taxes,8.3,"Nusa Dua Beach, Bali"
OYO 1848 TB'S Homestay,Rp 298.959,Rp 188.344,Inclusive of taxes,7.8,"Sanur, Bali"
OYO 3975 Gita Inn,Rp 220.081,Rp 138.651,Inclusive of taxes,7.4,"North Denpasar, Bali"
diAtas by Art Cafe Bumbu Bali,Rp 733.332,Rp 549.999,Inclusive of taxes,8.2,"Nusa Dua, Bali"
Askara Villa,Rp 1.805.000,Rp 1.660.600,Inclusive of taxes,n/a,"Canggu, Bali"
My Home @ Bali by Conary,Rp 294.000,Rp 220.500,Inclusive of taxes,8.4,"Kuta, Bali"
OYO 3156 Hotel Warta Dua,Rp 197.997,Rp 98.999,Inclusive of taxes,7.5,"North Denpasar, Bali"
Nugraha Lovina Seaview Resort and Spa,Rp 1.852.500,Rp 1.204.125,Inclusive of taxes,8.8,"Lovina, Bali"
Rijasa Agung Resort & Villas,Rp 1.766.667,Rp 1.325.000,Inclusive of taxes,8.8,"Payangan, Bali"
Collection O 91125 Puri Dewa Bharata,Rp 251.674,Rp 158.555,Inclusive of taxes,7.0,"Jimbaran, Bali"
Kori Maharani Villas,Rp 906.572,Rp 622.404,Inclusive of taxes,8.3,"Gianyar Kota, Bali"
The Seiryu Boutique Villas,Rp 4.636.979,Rp 3.755.953,Inclusive of taxes,8.8,"Seminyak, Bali"
The Bali Dream Villa Canggu - CHSE Certified,Rp 5.146.819,Rp 3.465.001,Inclusive of taxes,n/a,"Canggu, Bali"
Balam Bali Villa,Rp 628.101,Rp 389.423,Inclusive of taxes,8.9,"Mengwi, Bali"
SPOT ON 2426 Hotel Aget Jaya Ii,Rp 124.137,Rp 96.827,Inclusive of taxes,7.4,"South Denpasar, Bali"
Kimono Hotel,Rp 337.500,Rp 168.750,Inclusive of taxes,7.1,"Kuta, Bali"
Agata Villas,Rp 9.161.796,Rp 3.226.541,Inclusive of taxes,7.3,"Seminyak, Bali"
Puri Bali Lovina,Rp 753.333,Rp 565.000,Inclusive of taxes,8.5,"Lovina, Bali"
Vije Boutique Resort and Spa,Rp 1.900.000,Rp 1.235.000,Inclusive of taxes,8.8,"Ubud, Bali"
Kejora Suites,Rp 2.580.000,Rp 1.935.000,Inclusive of taxes,7.4,"Sanur, Bali"
Villa Kumuda By Nakula,Rp 4.640.625,Rp 3.712.500,Inclusive of taxes,n/a,"Canggu, Bali"
Sumberkima Hill Private Villa Retreat,Rp 931.231,Rp 852.911,Inclusive of taxes,8.7,"Menjangan, Bali"
Core Hotel Benoa,Rp 631.800,Rp 385.398,Inclusive of taxes,8.5,"Tanjung Benoa, Bali"
Hotel Segara Mandala,Rp 337.500,Rp 303.750,Inclusive of taxes,7.7,"Negara, Bali"
Puri Payogan Resort,Rp 697.500,Rp 453.375,Inclusive of taxes,n/a,"Kedewatan, Bali"
Umasari Rice Terrace Villa,Rp 573.499,Rp 393.673,Inclusive of taxes,8.8,"Marga, Bali"
Mimpi Resort Menjangan,Rp 1.290.372,Rp 885.764,Inclusive of taxes,8.6,"Menjangan, Bali"
Bali Paradise City Hotel,Rp 720.000,Rp 266.400,Inclusive of taxes,7.6,"Kerobokan, Bali"
Asher Bali Transit,Rp 353.333,Rp 265.000,Inclusive of taxes,7.3,"Tuban, Bali"
Bali Caps Hostel,Rp 146.667,Rp 110.000,Inclusive of taxes,9.0,"Kuta, Bali"
Container Smart Stay,Rp 589.734,Rp 365.635,Inclusive of taxes,n/a,"Bedugul, Bali"
Seminyak Square Hotel,Rp 1.652.000,Rp 1.156.400,Inclusive of taxes,8.5,"Seminyak, Bali"
De Umah Bali - Eco Tradi Home,Rp 1.320.000,Rp 990.000,Inclusive of taxes,n/a,"Tembuku, Bali"
Trivara Kuta,Rp 380.000,Rp 285.000,Inclusive of taxes,8.7,"Tuban, Bali"
Canggu Village,Rp 1.999.999,Rp 1.499.999,Inclusive of taxes,8.9,"Canggu, Bali"
"Kuta Puri Bungalows, Villas and Resort",Rp 2.520.000,Rp 1.764.000,Inclusive of taxes,8.8,"Poppies, Bali"
Arkamara Dijiwa Ubud,Rp 6.792.831,Rp 5.094.623,Inclusive of taxes,8.9,"Ubud, Bali"
Munduk Heaven Luxury Villas,Rp 13.086.250,Rp 7.851.750,Inclusive of taxes,9.3,"Munduk, Bali"
Ubud Lestari Villa,Rp 1.198.471,Rp 715.000,Inclusive of taxes,8.8,"Ubud, Bali"
Ubud Village Hotel,Rp 1.696.651,Rp 1.164.616,Inclusive of taxes,8.8,"Monkey Forest, Bali"
Lumbini Luxury Villas and Spa,Rp 2.747.965,Rp 1.886.350,Inclusive of taxes,8.8,"Jimbaran, Bali"
Hotel Puriartha Ubud,Rp 749.999,Rp 389.999,Inclusive of taxes,8.4,"Ubud, Bali"
Pondok Sari Hotel,Rp 675.000,Rp 236.250,Inclusive of taxes,8.5,"Kuta, Bali"
Canggu Dream Village,Rp 3.150.900,Rp 1.575.450,Inclusive of taxes,8.4,"Canggu, Bali"
Taman Tirta Ayu Pool & Mansion,Rp 405.000,Rp 263.250,Inclusive of taxes,7.9,"Tuban, Bali"
The Sarining Hotel,Rp 701.756,Rp 526.317,Inclusive of taxes,n/a,"Tabanan Kota, Bali"
OYO 90547 Pondok Saren Anyar,Rp 131.141,Rp 82.619,Inclusive of taxes,7.4,"Mengwi, Bali"
Matahari Guest House,Rp 200.000,Rp 170.000,Inclusive of taxes,8.1,"West Denpasar, Bali"
Ubud Raya Villa,Rp 2.250.000,Rp 1.575.000,Inclusive of taxes,9.0,"Sayan, Bali"
Three Brothers Guest House,Rp 333.334,Rp 250.000,Inclusive of taxes,9.2,"Ubud, Bali"
Akana Boutique Hotel,Rp 1.593.568,Rp 824.849,Inclusive of taxes,8.7,"Sanur, Bali"
Meruhdani Boutique Hotel Ubud,Rp 719.040,Rp 539.280,Inclusive of taxes,8.9,"Ubud, Bali"
Hotel Melamun Lovina,Rp 562.500,Rp 495.000,Inclusive of taxes,8.9,"Lovina, Bali"
Sanur Seaview Hotel,Rp 662.400,Rp 384.192,Inclusive of taxes,7.7,"Sanur, Bali"
Melia Bali The Garden Villas (ex Melia Bali Villas and Spa Resort),Rp 2.963.027,Rp 2.033.977,Inclusive of taxes,n/a,"Nusa Dua Beach, Bali"
The Mel Homestay,Rp 134.400,Rp 100.800,Inclusive of taxes,9.0,"Nusa Penida, Bali"
The Galuh Pekutatan,Rp 458.333,Rp 334.583,Inclusive of taxes,8.8,"Pekutatan, Bali"
Villa Ley Double Six by Best Deals Asia Hospitality,Rp 7.375.000,Rp 2.950.000,Inclusive of taxes,n/a,"Legian, Bali"
Samudra Boutique Hotel and Villa,Rp 240.964,Rp 180.723,Inclusive of taxes,8.0,"Kuta, Bali"
Sun Island Hotel & Spa Legian,Rp 1.639.800,Rp 918.288,Inclusive of taxes,8.5,"Legian, Bali"
Star Semabu Resort,Rp 729.000,Rp 444.690,Inclusive of taxes,8.5,"Nusa Penida, Bali"
OYO 2580 Hotel Puri Royan,Rp 307.014,Rp 153.507,Inclusive of taxes,7.4,"West Denpasar, Bali"
Jasmine Inn Nusa Penida,Rp 226.667,Rp 170.000,Inclusive of taxes,8.6,"Nusa Penida, Bali"
The Kryamaha Villas,Rp 2.903.987,Rp 1.732.499,Inclusive of taxes,8.8,"Tanah Lot, Bali"
Bubble Hotel Bali Ubud,Rp 28.899.948,Rp 21.674.961,Inclusive of taxes,7.9,"Tampaksiring, Bali"
Jasmine Inn Nusa Penida,Rp 226.667,Rp 170.000,Inclusive of taxes,8.6,"Nusa Penida, Bali"
The Kryamaha Villas,Rp 2.903.987,Rp 1.732.499,Inclusive of taxes,8.8,"Tanah Lot, Bali"
The Dukuh Retreat,Rp 1.080.000,Rp 540.000,Inclusive of taxes,9.7,"Kerambitan, Bali"
Pondok Dukuh Jati,Rp 200.000,Rp 150.000,Inclusive of taxes,8.2,"Kuta, Bali"
The Kanjeng Hotel Kuta,Rp 1.263.157,Rp 315.789,Inclusive of taxes,7.2,"Tuban, Bali"
Hotel Komune and Beach Club Bali,Rp 2.509.058,Rp 1.722.319,Inclusive of taxes,8.4,"Keramas, Bali"
Villas at The Patra Bali Resort & Villas - CHSE Certified,Rp 4.514.049,Rp 2.200.000,Inclusive of taxes,n/a,"Kuta, Bali"
The Sesari Jimbaran,Rp 367.200,Rp 275.400,Inclusive of taxes,8.2,"Jimbaran, Bali"
OYO 90576 St Tama,Rp 258.762,Rp 129.381,Inclusive of taxes,8.7,"Nusa Dua, Bali"
Uma Mani Villa,Rp 600.000,Rp 450.000,Inclusive of taxes,8.6,"Jimbaran, Bali"
The Lokha Legian Resort & Spa,Rp 1.645.600,Rp 658.240,Inclusive of taxes,8.6,"Legian, Bali"
Bayside Residence,Rp 2.399.999,Rp 1.799.999,Inclusive of taxes,n/a,"Candidasa, Bali"
Arimba at Bisma,Rp 585.000,Rp 409.500,Inclusive of taxes,7.9,"Ubud, Bali"
Hotel Oranjje,Rp 417.083,Rp 212.712,Inclusive of taxes,7.6,"South Denpasar, Bali"
Waterside Inn Nusa Penida,Rp 361.613,Rp 331.200,Inclusive of taxes,7.6,"Nusa Penida, Bali"
Alam Candi Dive Resort,Rp 840.000,Rp 630.000,Inclusive of taxes,8.6,"Candidasa, Bali"
Casa Padma Suites Bali,Rp 1.329.975,Rp 731.486,Inclusive of taxes,8.2,"Legian, Bali"
Wahyu Dana Hotel,Rp 420.000,Rp 315.000,Inclusive of taxes,8.2,"Lovina, Bali"
Prasi Sunset Bungalows,Rp 475.000,Rp 332.500,Inclusive of taxes,8.9,"Nusa Penida, Bali"
Disini Villa,Rp 4.468.461,Rp 3.067.368,Inclusive of taxes,n/a,"Seminyak, Bali"
Radha homestay,Rp 420.000,Rp 315.000,Inclusive of taxes,n/a,"Sanur, Bali"
Putu Guest House 2,Rp 735.856,Rp 576.924,Inclusive of taxes,8.5,"Canggu, Bali"
Sativa Sanur Cottages,Rp 840.000,Rp 630.000,Inclusive of taxes,8.0,"Sanur, Bali"
Grand Pondok Puri Ayu,Rp 320.000,Rp 208.000,Inclusive of taxes,8.0,"West Denpasar, Bali"
Hotel Karthi,Rp 266.333,Rp 199.750,Inclusive of taxes,8.4,"Kuta, Bali"
The Kasih Villas & Spa,Rp 3.141.763,Rp 2.544.828,Inclusive of taxes,8.8,"Seminyak, Bali"
Mason Elephant Lodge,Rp 2.514.264,Rp 2.106.000,Inclusive of taxes,8.1,"Taro, Bali"
Bali Jungle Camping,Rp 1.320.000,Rp 990.000,Inclusive of taxes,n/a,"Pupuan, Bali"
Annora Villas Sanur,Rp 5.318.774,Rp 3.173.146,Inclusive of taxes,9.2,"Sanur, Bali"
Pertiwi Resorts And Spa,Rp 990.000,Rp 594.000,Inclusive of taxes,8.5,"Monkey Forest, Bali"
Hana Kuta Beach,Rp 405.000,Rp 303.750,Inclusive of taxes,8.4,"Kuta, Bali"
Kampung 168 Jimbaran,Rp 637.192,Rp 312.224,Inclusive of taxes,8.2,"Jimbaran, Bali"
Anantara Seminyak Resort & Spa,Rp 7.850.765,Rp 5.888.074,Inclusive of taxes,8.3,"Seminyak, Bali"
Dewi Sinta Hotel and Restaurant by Wizzela,Rp 430.312,Rp 301.218,Inclusive of taxes,8.4,"Tanah Lot, Bali"
Puspa Graha Villatel,Rp 337.500,Rp 253.125,Inclusive of taxes,8.3,"Jimbaran, Bali"
New Garden View Resort,Rp 438.518,Rp 355.200,Inclusive of taxes,8.3,"Legian, Bali"
Cross Bali Breakers,Rp 4.432.612,Rp 3.324.459,Inclusive of taxes,n/a,"Jimbaran, Bali"
Villa Bebek Cottages Sanur,Rp 1.020.000,Rp 765.000,Inclusive of taxes,9.4,"Sanur, Bali"
Ozora Tiying Tutul Hostel @Canggu,Rp 120.000,Rp 90.000,Inclusive of taxes,8.1,"Canggu, Bali"
Samsara Homestay,Rp 237.039,Rp 177.779,Inclusive of taxes,9.2,"Kintamani, Bali"
Ozora Tiying Tutul Hostel @Canggu,Rp 120.000,Rp 90.000,Inclusive of taxes,8.1,"Canggu, Bali"
Samsara Homestay,Rp 237.039,Rp 177.779,Inclusive of taxes,9.2,"Kintamani, Bali"
Legian Village Hotel,Rp 918.915,Rp 339.999,Inclusive of taxes,7.6,"Legian, Bali"
Ecosfera Hotel,Rp 1.240.001,Rp 930.001,Inclusive of taxes,8.2,"Canggu, Bali"
Pelangi Bali Hotel & Spa,Rp 3.300.000,Rp 2.475.000,Inclusive of taxes,8.1,"Seminyak, Bali"
Prasana by Arjani Resorts - Uluwatu,Rp 6.742.880,Rp 4.382.872,Inclusive of taxes,8.2,"Ungasan, Bali"
Holistic Villa by Holistic group,Rp 998.667,Rp 749.000,Inclusive of taxes,n/a,"Nusa Dua, Bali"
Legian Bisma Suite,Rp 407.333,Rp 305.500,Inclusive of taxes,8.7,"Legian, Bali"
Rai House Sanur,Rp 240.000,Rp 192.000,Inclusive of taxes,8.7,"Sanur, Bali"
D'Tunjung Resort & Spa,Rp 380.000,Rp 285.000,Inclusive of taxes,8.4,"Candidasa, Bali"
Suryadina Guest House,Rp 380.000,Rp 285.000,Inclusive of taxes,8.6,"Ubud, Bali"
Batur Mountain View,Rp 666.665,Rp 499.999,Inclusive of taxes,7.7,"Kintamani, Bali"
Suarapura Resort & Spa,Rp 2.400.000,Rp 1.800.000,Inclusive of taxes,9.3,"Sebatu, Bali"
Ubud Nyuh Bali Resort & Spa,Rp 6.786.847,Rp 3.715.876,Inclusive of taxes,8.9,"Ubud, Bali"
The Wolas Villas & Spa,Rp 4.971.285,Rp 2.237.078,Inclusive of taxes,8.8,"Seminyak, Bali"
WakAsih,Rp 200.000,Rp 150.000,Inclusive of taxes,8.0,"Semarapura Kelod, Bali"
The Swaha Hotel,Rp 623.297,Rp 311.649,Inclusive of taxes,8.7,"Batubulan, Bali"
AQ-VA Hotel & Villas,Rp 953.841,Rp 614.998,Inclusive of taxes,8.6,"Legian, Bali"
OYO 90022 Puri Kramas Canggu,Rp 382.418,Rp 240.923,Inclusive of taxes,8.1,"Canggu, Bali"
Villa Ombak Kedungu,Rp 400.000,Rp 300.000,Inclusive of taxes,8.5,"Tanah Lot, Bali"
Amatara Arya Ubud,Rp 1.662.001,Rp 1.090.583,Inclusive of taxes,9.1,"Ubud, Bali"
Kupu Kupu Barong Villas and Tree Spa by L’OCCITANE,Rp 5.086.518,Rp 4.069.214,Inclusive of taxes,8.4,"Kedewatan, Bali"
Sanur Guest House,Rp 339.999,Rp 254.999,Inclusive of taxes,7.9,"Sanur, Bali"
Kubu Cempaka Seminyak,Rp 2.029.999,Rp 1.522.499,Inclusive of taxes,8.9,"Seminyak, Bali"
Kenran Resort Ubud by Soscomma,Rp 60.980.499,Rp 49.394.204,Inclusive of taxes,8.6,"Tegallalang, Bali"
Sanur Guest House,Rp 339.999,Rp 254.999,Inclusive of taxes,7.9,"Sanur, Bali"
Alam Puisi Villa,Rp 2.514.600,Rp 1.005.840,Inclusive of taxes,8.7,"Tampaksiring, Bali"
Segara Hotel and Restaurant Kintamani,Rp 440.000,Rp 330.000,Inclusive of taxes,8.0,"Kintamani, Bali"
The Garuda Villa and Restaurant,Rp 521.333,Rp 391.000,Inclusive of taxes,8.4,"Bedugul, Bali"
Honai Resort,Rp 5.200.000,Rp 1.144.000,Inclusive of taxes,8.8,"Ubud, Bali"
Abi Bali Resort Villas and Spa,Rp 3.432.800,Rp 1.716.400,Inclusive of taxes,8.5,"Jimbaran, Bali"
Beluran Serene Guesthouse,Rp 399.999,Rp 299.999,Inclusive of taxes,8.6,"Kerambitan, Bali"
Uma Emas Residence,Rp 225.904,Rp 180.723,Inclusive of taxes,7.4,"Sanur, Bali"
Kubu Indah Dive & Spa Resort,Rp 1.095.220,Rp 706.154,Inclusive of taxes,n/a,"Tulamben, Bali"
Plataran Menjangan Resort and Spa,Rp 4.356.000,Rp 3.267.000,Inclusive of taxes,8.9,"Menjangan, Bali"
The Wina Villa Canggu,Rp 5.400.000,Rp 4.050.000,Inclusive of taxes,8.7,"Canggu, Bali"
The Nyaman Bali,Rp 532.000,Rp 399.000,Inclusive of taxes,8.7,"Kuta, Bali"
Puri Surya Hotel,Rp 368.000,Rp 276.000,Inclusive of taxes,7.6,"Seririt, Bali"
Harmony Beach Suite,Rp 1.125.000,Rp 843.750,Inclusive of taxes,8.0,"Seminyak, Bali"
Aneka Lovina Villas & Spa,Rp 978.750,Rp 636.188,Inclusive of taxes,8.5,"Lovina, Bali"
Ultimate Residence Bali,Rp 556.000,Rp 254.092,Inclusive of taxes,n/a,"South Denpasar, Bali"
Wapa di Ume Resort & Spa,Rp 4.230.000,Rp 2.453.400,Inclusive of taxes,9.0,"Ubud, Bali"
Alam Pangkung Ubud,Rp 450.000,Rp 328.500,Inclusive of taxes,8.0,"Ubud, Bali"
Manyi Village Ubud,Rp 765.000,Rp 573.750,Inclusive of taxes,8.9,"Tampaksiring, Bali"
Jukung Guest House,Rp 450.000,Rp 337.500,Inclusive of taxes,8.9,"Sanur, Bali"
Kelan-Tel Bali,Rp 630.000,Rp 302.400,Inclusive of taxes,7.9,"Tuban, Bali"
Berlian Inn,Rp 305.267,Rp 228.950,Inclusive of taxes,8.2,"Poppies, Bali"
ROYAL RETREAT VILLAS LEMBONGAN,Rp 600.000,Rp 450.000,Inclusive of taxes,n/a,"Nusa Lembongan, Bali"
Batan Sabo Cottage,Rp 1.200.000,Rp 900.000,Inclusive of taxes,8.7,"Nusa Penida, Bali"
NEW Alron Hotel Kuta,Rp 424.284,Rp 296.999,Inclusive of taxes,8.4,"Kuta, Bali"
La Roja Bungalows Penida,Rp 1.078.800,Rp 809.100,Inclusive of taxes,8.9,"Nusa Penida, Bali"
Sari Bamboo Villas,Rp 3.316.500,Rp 2.984.850,Inclusive of taxes,8.5,"Sayan, Bali"
The Kirana Ungasan,Rp 1.368.745,Rp 803.249,Inclusive of taxes,8.8,"Jimbaran, Bali"
Ubud Tropical,Rp 168.000,Rp 126.000,Inclusive of taxes,8.7,"Ubud, Bali"
Lahar Mas Inn,Rp 171.000,Rp 128.250,Inclusive of taxes,7.5,"Amlapura, Bali"
Papa Sun Villas,Rp 900.000,Rp 720.000,Inclusive of taxes,9.3,"Nusa Penida, Bali"
Nomad Hub Villa Bali,Rp 450.000,Rp 292.500,Inclusive of taxes,7.9,"Umalas, Bali"
OYO 2270 Hotel Taman Wirama,Rp 186.181,Rp 117.294,Inclusive of taxes,7.8,"North Denpasar, Bali"
Bali Kuwi Hotel,Rp 235.293,Rp 176.470,Inclusive of taxes,8.3,"Negara, Bali"
Radha Phala Resort & Spa,Rp 1.516.500,Rp 909.900,Inclusive of taxes,8.9,"Ubud, Bali"
"Grand Sehati Hotel & Spa, Ubud",Rp 900.000,Rp 675.000,Inclusive of taxes,8.1,"Monkey Forest, Bali"
De Lemon Gatsu Hotel,Rp 400.000,Rp 200.000,Inclusive of taxes,8.2,"North Denpasar, Bali"
Rena Segara House,Rp 310.644,Rp 192.599,Inclusive of taxes,8.1,"Kuta, Bali"
Tanjung Sari Inn,Rp 447.059,Rp 335.294,Inclusive of taxes,8.1,"Tanjung Benoa, Bali"
OYO 3244 Grand Chandra Hotel,Rp 139.998,Rp 109.198,Inclusive of taxes,7.1,"West Denpasar, Bali"
Nirmala Hotel Denpasar,Rp 566.720,Rp 311.696,Inclusive of taxes,7.4,"West Denpasar, Bali"
Desamuda Village,Rp 2.241.000,Rp 1.456.650,Inclusive of taxes,8.9,"Seminyak, Bali"
Bali Palms Resort Candidasa,Rp 1.575.000,Rp 787.500,Inclusive of taxes,8.5,"Candidasa, Bali"
The Pavilion Hotel Kuta,Rp 306.000,Rp 275.400,Inclusive of taxes,8.4,"Kuta, Bali"
Villa Mandi Resort & Spa,Rp 5.670.000,Rp 850.500,Inclusive of taxes,n/a,"Ubud, Bali"
THE VILLAGE HOME,Rp 468.000,Rp 421.200,Inclusive of taxes,8.7,"Sanur, Bali"
Nakula Guest House,Rp 270.000,Rp 202.500,Inclusive of taxes,8.6,"Kuta, Bali"
Sanur Agung Suite,Rp 617.500,Rp 333.450,Inclusive of taxes,n/a,"Sanur, Bali"
OYO 90053 Paradise Inn,Rp 209.960,Rp 163.769,Inclusive of taxes,8.7,"Legian, Bali"
The Kayon Resort,Rp 5.040.000,Rp 3.528.000,Inclusive of taxes,9.1,"Tegallalang, Bali"
The Studio Inn Nusa Dua,Rp 540.000,Rp 405.000,Inclusive of taxes,8.0,"Nusa Dua, Bali"
OYO 1356 Gusti Residence,Rp 139.431,Rp 108.756,Inclusive of taxes,8.4,"Mengwi, Bali"
Wayan Mansion,Rp 264.000,Rp 198.000,Inclusive of taxes,8.5,"South Denpasar, Bali"
Linas Villas Nusa Penida,Rp 382.500,Rp 229.500,Inclusive of taxes,9.3,"Nusa Penida, Bali"
Villa Tangtu Beach Inn,Rp 1.260.000,Rp 315.000,Inclusive of taxes,7.7,"Sanur, Bali"
The Baladewa,Rp 306.000,Rp 149.940,Inclusive of taxes,7.7,"Ungasan, Bali"
Puri Taman Sari Resort,Rp 937.500,Rp 759.375,Inclusive of taxes,8.4,"Marga, Bali"
Aurora House Ubud,Rp 254.032,Rp 127.016,Inclusive of taxes,8.2,"Ubud, Bali"
The Unique Homestay,Rp 203.251,Rp 152.438,Inclusive of taxes,8.5,"Ubud, Bali"
Poh Manis Lembongan,Rp 801.000,Rp 400.500,Inclusive of taxes,8.6,"Nusa Lembongan, Bali"
Dukuh Sebatu Villa,Rp 733.332,Rp 549.999,Inclusive of taxes,8.6,"Sebatu, Bali"
Adhi Jaya Suite,Rp 747.040,Rp 321.227,Inclusive of taxes,8.0,"Jatiluwih, Bali"
Nakula Stay Kuta,Rp 500.000,Rp 215.000,Inclusive of taxes,8.5,"Legian, Bali"
Hikers Camp at Toya Devasya,Rp 939.255,Rp 649.999,Inclusive of taxes,8.0,"Kintamani, Bali"
GM Hotel Lovina,Rp 585.424,Rp 313.553,Inclusive of taxes,8.5,"Singaraja, Bali"
OYO 3716 Dijobi,Rp 473.704,Rp 369.489,Inclusive of taxes,8.4,"Mengwi, Bali"
Padi Bali Eco Villas,Rp 894.300,Rp 670.725,Inclusive of taxes,8.5,"Tegallalang, Bali"
Jati Hotel Negara,Rp 159.600,Rp 119.700,Inclusive of taxes,8.2,"Negara, Bali"
Bali Chaya Hotel,Rp 531.863,Rp 445.499,Inclusive of taxes,8.5,"Legian, Bali"
The Tunjung Boutique Resort,Rp 466.667,Rp 350.000,Inclusive of taxes,n/a,"Canggu, Bali"
Bali Bhuana Beach Cottage,Rp 486.982,Rp 424.999,Inclusive of taxes,9.0,"Amed, Bali"
OYO 2984 Berlian House Ungasan,Rp 264.902,Rp 166.888,Inclusive of taxes,7.8,"Ungasan, Bali"
OYO 2456 Purnama House Kuta,Rp 372.490,Rp 234.669,Inclusive of taxes,8.8,"Tuban, Bali"
The Mutiara Jimbaran Boutique Villas,Rp 4.215.671,Rp 2.107.836,Inclusive of taxes,8.6,"Jimbaran, Bali"
Hotel Ratu,Rp 310.000,Rp 232.500,Inclusive of taxes,7.8,"Negara, Bali"
Bali Dive Resort and Spa,Rp 1.232.315,Rp 910.001,Inclusive of taxes,8.9,"Tulamben, Bali"
Puri Dajuma Beach Eco Resort & Spa,Rp 5.136.208,Rp 3.081.725,Inclusive of taxes,n/a,"Pekutatan, Bali"
VIDI Boutique Hotel,Rp 741.000,Rp 518.700,Inclusive of taxes,8.8,"Jimbaran, Bali"
OYO 90363 Nira Guest House Sanur Bali,Rp 119.242,Rp 93.009,Inclusive of taxes,7.0,"South Denpasar, Bali"
Bali Breezz Hotel,Rp 1.140.000,Rp 855.000,Inclusive of taxes,8.8,"Jimbaran, Bali"
Sapta Petala,Rp 432.429,Rp 159.999,Inclusive of taxes,8.6,"Kuta, Bali"
OYO 1952 Hotel Dewata Indah,Rp 299.997,Rp 149.999,Inclusive of taxes,8.2,"North Denpasar, Bali"
Aleesha Villas,Rp 3.147.685,Rp 1.469.999,Inclusive of taxes,8.4,"Sanur, Bali"
Disini Luxury Spa Villas,Rp 3.777.777,Rp 3.060.000,Inclusive of taxes,8.7,"Seminyak, Bali"
Bali Jungle Huts,Rp 1.521.136,Rp 907.500,Inclusive of taxes,8.6,"Sebatu, Bali"
OYO 1741 Komala Indah Cottages,Rp 198.146,Rp 154.554,Inclusive of taxes,6.9,"Legian, Bali"
Maharaja Villas,Rp 4.873.500,Rp 1.462.050,Inclusive of taxes,9.1,"Kerobokan, Bali"
Mahatma Residence,Rp 438.000,Rp 328.500,Inclusive of taxes,8.1,"South Denpasar, Bali"
Bluehill Resort Tulamben,Rp 814.090,Rp 404.999,Inclusive of taxes,8.9,"Tulamben, Bali"
Sindhu Mertha Suite,Rp 4.250.000,Rp 3.187.500,Inclusive of taxes,8.0,"Sanur, Bali"
The Acala Shri Sedana,Rp 4.533.333,Rp 3.400.000,Inclusive of taxes,8.5,"Nusa Lembongan, Bali"
Beraban Beach House,Rp 4.536.000,Rp 1.134.000,Inclusive of taxes,9.2,"Selemadeg, Bali"
Draper Startup House for Entrepreneurs Bali,Rp 128.000,Rp 96.000,Inclusive of taxes,8.4,"Canggu, Bali"
Blu-Zea Resort by Double-Six,Rp 2.442.630,Rp 1.831.973,Inclusive of taxes,8.7,"Seminyak, Bali"
Aqua Octaviana Villa,Rp 630.000,Rp 504.000,Inclusive of taxes,8.2,"Umalas, Bali"
Royal Casa Ganesha Resort & Spa,Rp 1.786.000,Rp 785.840,Inclusive of taxes,8.5,"Ubud, Bali"
OYO 90817 Elite Star Tukad Badung,Rp 157.136,Rp 98.996,Inclusive of taxes,7.5,"South Denpasar, Bali"
Kira Cottages Penida,Rp 359.100,Rp 215.460,Inclusive of taxes,9.1,"Nusa Penida, Bali"
Pondok Tepi Sungai,Rp 426.000,Rp 319.500,Inclusive of taxes,8.3,"Sidemen, Bali"
Kamajaya Villas,Rp 2.700.000,Rp 1.620.000,Inclusive of taxes,8.9,"Sayan, Bali"
Matahari Bungalow,Rp 622.618,Rp 290.768,Inclusive of taxes,8.0,"Legian, Bali"
Familytel Bali,Rp 603.000,Rp 283.410,Inclusive of taxes,8.3,"Tuban, Bali"
Abia Villa Legian,Rp 3.321.464,Rp 2.280.023,Inclusive of taxes,9.2,"Legian, Bali"
Nalika Beach Resort & Restaurant,Rp 1.680.000,Rp 1.260.000,Inclusive of taxes,n/a,"Umeanyar, Bali"
OYO 2122 Puri Sanur,Rp 259.647,Rp 202.525,Inclusive of taxes,7.8,"Sanur, Bali"
The Hidden Paradise Ubud,Rp 4.084.961,Rp 1.174.062,Inclusive of taxes,8.7,"Tampaksiring, Bali"
OYO 3902 Pondok 828 Residence,Rp 258.488,Rp 162.847,Inclusive of taxes,7.4,"South Denpasar, Bali"
dedanau Hotel,Rp 1.933.335,Rp 1.450.001,Inclusive of taxes,n/a,"Bedugul, Bali"
Bali Bungalo,Rp 689.067,Rp 516.800,Inclusive of taxes,8.0,"Kuta, Bali"
Maha Lokha Balangan,Rp 846.000,Rp 507.600,Inclusive of taxes,n/a,"Jimbaran, Bali"
Ganggas Homestay,Rp 208.049,Rp 166.439,Inclusive of taxes,8.3,"Jimbaran, Bali"
Alengkong Double View,Rp 333.333,Rp 250.000,Inclusive of taxes,9.0,"Kintamani, Bali"
Green Field Hotel and Restaurant,Rp 1.867.025,Rp 1.710.000,Inclusive of taxes,8.9,"Monkey Forest, Bali"
Batu Ampar ECO Resort Menjangan,Rp 600.000,Rp 480.000,Inclusive of taxes,n/a,"Menjangan, Bali"
Pondok Sebatu Ecolodge,Rp 1.440.000,Rp 1.008.000,Inclusive of taxes,8.9,"Sebatu, Bali"
Teba House Ubud by ecommerceloka,Rp 289.080,Rp 127.195,Inclusive of taxes,8.2,"Ubud, Bali"
Bali Seascape Beach Club,Rp 1.575.000,Rp 787.500,Inclusive of taxes,8.3,"Candidasa, Bali"
Hotel Griya Ayu Inn Sanur,Rp 332.179,Rp 249.134,Inclusive of taxes,8.5,"Sanur, Bali"
Puri Mangga Sea View Boutique Resort and Spa,Rp 1.020.311,Rp 765.233,Inclusive of taxes,n/a,"Lovina, Bali"
Puri Astrani by WizZeLa,Rp 1.084.197,Rp 830.375,Inclusive of taxes,n/a,"Ubud, Bali"
Villa Puri Cili Ubud,Rp 807.500,Rp 395.675,Inclusive of taxes,7.9,"Sukawati, Bali"
Ananda Ubud Resort,Rp 1.219.500,Rp 914.625,Inclusive of taxes,8.8,"Kedewatan, Bali"
Made Giri Homestay,Rp 240.963,Rp 180.722,Inclusive of taxes,8.5,"Sanur, Bali"
Gayatri Bungalows Nusa Penida,Rp 431.100,Rp 258.660,Inclusive of taxes,8.7,"Nusa Penida, Bali"
Sea Breeze Candidasa Bali,Rp 3.040.000,Rp 2.280.000,Inclusive of taxes,8.7,"Candidasa, Bali"
Bali Taman Beach Resort & Spa Lovina,Rp 1.659.421,Rp 990.000,Inclusive of taxes,8.5,"Lovina, Bali"
The Paica,Rp 427.500,Rp 213.750,Inclusive of taxes,8.2,"West Denpasar, Bali"
Palm Beach Hotel Bali,Rp 425.000,Rp 318.750,Inclusive of taxes,8.2,"Kuta, Bali"
The Rani Garden Bed & Breakfast,Rp 652.500,Rp 261.000,Inclusive of taxes,8.5,"South Denpasar, Bali"
Three Brothers Bungalows and Villas,Rp 1.260.000,Rp 630.000,Inclusive of taxes,8.6,"Legian, Bali"
Di Uma Residence Hotel & Dormitory,Rp 101.204,Rp 75.903,Inclusive of taxes,8.3,"South Denpasar, Bali"
The VinHill Studio Bali Apartment,Rp 400.000,Rp 300.000,Inclusive of taxes,8.4,"South Denpasar, Bali"
OYO 3190 Pondok Putra Bersaudara,Rp 143.638,Rp 112.038,Inclusive of taxes,6.8,"South Denpasar, Bali"
Ayu Laba Beach Villa and Resto,Rp 566.667,Rp 425.000,Inclusive of taxes,n/a,"Nusa Penida, Bali"
Tanah Penida Bungalow,Rp 237.500,Rp 190.000,Inclusive of taxes,9.0,"Nusa Penida, Bali"
Mimi Manis Bungalow,Rp 593.300,Rp 444.975,Inclusive of taxes,8.5,"Kedewatan, Bali"
Angsoka Hotel,Rp 234.333,Rp 175.750,Inclusive of taxes,8.5,"Lovina, Bali"
OYO 90302 Wisma Damai,Rp 156.801,Rp 122.305,Inclusive of taxes,5.9,"West Denpasar, Bali"
AB Kuta Hotel,Rp 569.600,Rp 273.408,Inclusive of taxes,8.7,"Kuta, Bali"
Budhi Kuta Beach Inn,Rp 190.000,Rp 142.500,Inclusive of taxes,7.6,"Kuta, Bali"
Khalisha Villa Medewi,Rp 456.000,Rp 342.000,Inclusive of taxes,8.4,"Mendoyo, Bali"
Balangan Inn,Rp 190.000,Rp 142.500,Inclusive of taxes,7.9,"Jimbaran, Bali"
The Janan Villa,Rp 800.001,Rp 600.001,Inclusive of taxes,8.3,"Sanur, Bali"
The Payogan Villa Resort & Spa,Rp 4.230.000,Rp 2.664.900,Inclusive of taxes,8.6,"Kedewatan, Bali"
Puri Sunset Homestay,Rp 380.000,Rp 285.000,Inclusive of taxes,8.8,"Munduk, Bali"
Awan Bali House,Rp 540.000,Rp 270.000,Inclusive of taxes,8.9,"Ubud, Bali"
Coliving Bali Sweet Home Kost Lengkap di Tabanan Kota,Rp 110.400,Rp 82.800,Inclusive of taxes,8.9,"Tabanan Kota, Bali"
Purana Boutique Resort,Rp 1.500.000,Rp 1.125.000,Inclusive of taxes,9.2,"Ubud, Bali"
Hotel Kumala Pantai,Rp 1.457.592,Rp 1.000.585,Inclusive of taxes,8.7,"Legian, Bali"
Klumpu Bali Resort,Rp 2.719.702,Rp 2.254.000,Inclusive of taxes,8.8,"Sanur, Bali"
WK Gamat Garden by WizZeLa,Rp 430.312,Rp 258.187,Inclusive of taxes,8.6,"Nusa Penida, Bali"
Kali Unda Cottage,Rp 400.000,Rp 300.000,Inclusive of taxes,7.0,"Semarapura Kelod, Bali"
Svarna Hotel Sanur,Rp 420.000,Rp 315.000,Inclusive of taxes,7.6,"Sanur, Bali"
Ubud Padi Villas,Rp 3.872.000,Rp 2.904.000,Inclusive of taxes,9.0,"Kedewatan, Bali"
OYO 3307 Ayudia Residence,Rp 270.045,Rp 170.128,Inclusive of taxes,8.2,"North Denpasar, Bali"
Jungut Guest House,Rp 259.258,Rp 129.629,Inclusive of taxes,n/a,"Ubud, Bali"
Apple Suite,Rp 978.599,Rp 733.949,Inclusive of taxes,8.1,"Kerobokan, Bali"
Kuta Sari House,Rp 450.000,Rp 202.500,Inclusive of taxes,8.2,"Kuta, Bali"
Serela Kuta by KAGUM Hotels,Rp 355.500,Rp 302.175,Inclusive of taxes,8.3,"Kuta, Bali"
SEAHOUSE BALI INDAH BEACH INN,Rp 450.000,Rp 292.500,Inclusive of taxes,9.0,"Legian, Bali"
Regali Villas,Rp 4.755.869,Rp 2.269.539,Inclusive of taxes,8.2,"Canggu, Bali"
Argasoka Bungalows,Rp 316.667,Rp 237.500,Inclusive of taxes,8.8,"Monkey Forest, Bali"
Argasoka Bungalows,Rp 316.667,Rp 237.500,Inclusive of taxes,8.8,"Monkey Forest, Bali"
OYO 90714 Umah Pande Tabanan,Rp 126.979,Rp 79.997,Inclusive of taxes,n/a,"Tabanan Kota, Bali"
Kawi Resort By Pramana,Rp 1.056.900,Rp 792.675,Inclusive of taxes,8.7,"Tampaksiring, Bali"
Guesthouse 999,Rp 253.333,Rp 190.000,Inclusive of taxes,8.4,"Kerobokan, Bali"
Villa Ad,Rp 2.533.333,Rp 1.900.000,Inclusive of taxes,n/a,"Ungasan, Bali"
Umah Hijau Tabanan,Rp 238.110,Rp 147.628,Inclusive of taxes,7.7,"Tabanan Kota, Bali"
Vista  Penginapan Tabanan,Rp 368.000,Rp 276.000,Inclusive of taxes,7.5,"Tabanan Kota, Bali"
Puri Karang Besakih,Rp 699.999,Rp 524.999,Inclusive of taxes,8.4,"Besakih, Bali"
The Sintesa Residence Jimbaran,Rp 4.664.901,Rp 1.593.000,Inclusive of taxes,8.1,"Jimbaran, Bali"
Dimpil Homestay,Rp 251.988,Rp 188.991,Inclusive of taxes,8.2,"Pemuteran, Bali"
Jukung Cottage by Pramana Villas,Rp 1.017.830,Rp 814.264,Inclusive of taxes,8.7,"Nusa Penida, Bali"
Sri Phala Resort & Villa,Rp 1.033.975,Rp 703.103,Inclusive of taxes,8.5,"Sanur, Bali"
AL Dewi Sri Villas - Nusa Penida,Rp 450.000,Rp 202.500,Inclusive of taxes,n/a,"Nusa Penida, Bali"
Aashaya Jasri Resort,Rp 1.066.666,Rp 799.999,Inclusive of taxes,n/a,"Amlapura, Bali"
Bumi Ayu Bungalows - CHSE Certified,Rp 565.020,Rp 517.499,Inclusive of taxes,7.6,"Sanur, Bali"
Agung Alit Guest House,Rp 190.000,Rp 142.500,Inclusive of taxes,8.7,"Ubud, Bali"
Sedok Jineng Villa by WizZeLa,Rp 430.312,Rp 236.672,Inclusive of taxes,8.8,"Nusa Lembongan, Bali"
Sri Ratih Ubud,Rp 3.542.232,Rp 2.351.250,Inclusive of taxes,9.5,"Sayan, Bali"
L'amore Hotel Seminyak,Rp 666.665,Rp 499.999,Inclusive of taxes,8.3,"West Denpasar, Bali"
New Asta Graha,Rp 380.000,Rp 152.000,Inclusive of taxes,8.4,"Jimbaran, Bali"
PP Dream Guesthouse,Rp 340.000,Rp 255.000,Inclusive of taxes,n/a,"Singaraja, Bali"
Keramas Sacred River Village,Rp 742.500,Rp 631.125,Inclusive of taxes,8.9,"Keramas, Bali"
Hotel Puri Bali,Rp 246.667,Rp 185.000,Inclusive of taxes,n/a,"Mendoyo, Bali"
Sang Tirta Farm Living Resort,Rp 506.667,Rp 380.000,Inclusive of taxes,8.8,"Penebel, Bali"
Kusuma House,Rp 200.933,Rp 150.700,Inclusive of taxes,8.0,"Kuta, Bali"
Indigo Blue Ceningan,Rp 1.066.667,Rp 800.000,Inclusive of taxes,n/a,"Nusa Ceningan, Bali"
Muaya Villa,Rp 1.200.000,Rp 900.000,Inclusive of taxes,8.7,"Jimbaran, Bali"
The Legian 777,Rp 194.793,Rp 170.000,Inclusive of taxes,7.4,"Legian, Bali"
Gaing Mas Residence by Gaing Mas Group,Rp 503.885,Rp 236.826,Inclusive of taxes,n/a,"Jimbaran, Bali"
City Garden Bali Dwipa Hotel,Rp 361.932,Rp 224.760,Inclusive of taxes,8.6,"Legian, Bali"
Chillhouse Lembongan Homestay,Rp 220.002,Rp 165.001,Inclusive of taxes,9.2,"Nusa Lembongan, Bali"
Cempaka Losmen,Rp 160.000,Rp 120.000,Inclusive of taxes,7.3,"Legian, Bali"
Maha Rama Suite Amed,Rp 765.000,Rp 382.500,Inclusive of taxes,8.0,"Amed, Bali"
Simona Hotel Canggu,Rp 197.089,Rp 145.540,Inclusive of taxes,6.2,"Canggu, Bali"
Kahayana Suites,Rp 1.157.000,Rp 462.800,Inclusive of taxes,8.7,"Ubud, Bali"
Villa JJ and Spa Ubud,Rp 530.909,Rp 440.000,Inclusive of taxes,8.8,"Ubud, Bali"
Sahaja Sawah Resort,Rp 2.261.000,Rp 1.695.750,Inclusive of taxes,n/a,"Selemadeg, Bali"
Ubud Glassy Villas by Pramana Villas,Rp 1.186.823,Rp 890.117,Inclusive of taxes,8.8,"Ubud, Bali"
Kubu Benoa Guest House,Rp 600.000,Rp 450.000,Inclusive of taxes,9.6,"Tanjung Benoa, Bali"
Bagus Agro Pelaga,Rp 2.079.000,Rp 1.559.250,Inclusive of taxes,8.7,"Plaga, Bali"
Bali Royal Heritage Villas,Rp 900.000,Rp 540.000,Inclusive of taxes,n/a,"Seminyak, Bali"
The Kutaya Guest House,Rp 312.862,Rp 286.013,Inclusive of taxes,8.2,"Kuta, Bali"
Rama Beach Resort & Villas,Rp 3.297.619,Rp 2.263.620,Inclusive of taxes,8.6,"Kuta, Bali"
Agung View Villa,Rp 850.000,Rp 552.500,Inclusive of taxes,n/a,"Nusa Penida, Bali"
Ubud 18,Rp 240.000,Rp 180.000,Inclusive of taxes,8.0,"Ubud, Bali"
Taman Agung Hotel,Rp 926.922,Rp 507.501,Inclusive of taxes,8.4,"Sanur, Bali"
Soraya Apartment,Rp 466.667,Rp 350.000,Inclusive of taxes,8.3,"Seminyak, Bali"
OYO 1762 Hotel Astiti Graha Tanah Lot,Rp 179.485,Rp 139.998,Inclusive of taxes,7.0,"Tanah Lot, Bali"
Jangkrik Homestay,Rp 226.667,Rp 170.000,Inclusive of taxes,8.5,"Ubud, Bali"
Rahayu Guest House Ubud,Rp 215.648,Rp 174.675,Inclusive of taxes,9.2,"Ubud, Bali"
Hotel Satriya Cottages,Rp 950.482,Rp 762.300,Inclusive of taxes,8.7,"Poppies, Bali"
Ode Hostel,Rp 63.333,Rp 47.500,Inclusive of taxes,8.4,"Monkey Forest, Bali"
Bunut Garden Luxury Private Villa - CHSE Certified,Rp 1.768.760,Rp 1.620.000,Inclusive of taxes,8.8,"Kedewatan, Bali"
Tamarind Beach Bungalow Lembongan,Rp 540.000,Rp 405.000,Inclusive of taxes,7.9,"Nusa Lembongan, Bali"
Dukuh Village Villas,Rp 730.800,Rp 548.100,Inclusive of taxes,8.8,"Tegallalang, Bali"
The Village of Angels,Rp 2.141.810,Rp 1.581.616,Inclusive of taxes,n/a,"Candidasa, Bali"
Laguna Reef Hut Lembongan,Rp 570.000,Rp 456.000,Inclusive of taxes,8.8,"Nusa Lembongan, Bali"
Tropical Garden Inn,Rp 239.868,Rp 179.901,Inclusive of taxes,n/a,"Nusa Penida, Bali"
Hotel Segara Agung,Rp 906.300,Rp 561.906,Inclusive of taxes,n/a,"Sanur, Bali"
Oki Taru Residence,Rp 500.000,Rp 300.000,Inclusive of taxes,n/a,"Tuban, Bali"
Hotel Singasari Seririt,Rp 156.877,Rp 117.658,Inclusive of taxes,8.3,"Seririt, Bali"
Annapurna River View Villas,Rp 2.933.334,Rp 2.200.000,Inclusive of taxes,n/a,"Mengwi, Bali"
Malibu Huts Nusa Penida,Rp 780.000,Rp 585.000,Inclusive of taxes,9.0,"Nusa Penida, Bali"
Champlung Sari Hotel Ubud,Rp 1.390.400,Rp 695.200,Inclusive of taxes,8.3,"Monkey Forest, Bali"
Valomia Guesthouse,Rp 204.705,Rp 153.529,Inclusive of taxes,8.2,"West Denpasar, Bali"
Cameng Homestay,Rp 466.668,Rp 350.001,Inclusive of taxes,n/a,"Sanur, Bali"
Bendesa Accomodation,Rp 357.143,Rp 267.857,Inclusive of taxes,7.3,"Legian, Bali"
Swastika Guest House,Rp 466.668,Rp 350.001,Inclusive of taxes,7.9,"Sanur, Bali"
Dekara Cottages Penida,Rp 269.100,Rp 161.460,Inclusive of taxes,n/a,"Nusa Penida, Bali"
Fourteen Roses Beach Hotel,Rp 610.517,Rp 422.500,Inclusive of taxes,7.9,"Legian, Bali"
Bayak Bali Hotel,Rp 180.000,Rp 135.000,Inclusive of taxes,6.6,"West Denpasar, Bali"
Nakula Familiar Inn,Rp 450.000,Rp 202.500,Inclusive of taxes,9.0,"North Denpasar, Bali"
Dajan Buyan Homestay,Rp 418.000,Rp 313.500,Inclusive of taxes,8.6,"Bedugul, Bali"
The Garden Villa,Rp 797.333,Rp 598.000,Inclusive of taxes,8.3,"Sanur, Bali"
Bataran Garden Cottage,Rp 600.000,Rp 450.000,Inclusive of taxes,8.3,"Nusa Penida, Bali"
Pinggan Sunrise Camp,Rp 276.817,Rp 207.613,Inclusive of taxes,n/a,"Kintamani, Bali"
Amed Lodge by Sudamala Resorts,Rp 1.046.900,Rp 674.999,Inclusive of taxes,8.6,"Amed, Bali"
Nirmala Guest House,Rp 1.147.429,Rp 693.461,Inclusive of taxes,8.5,"Keramas, Bali"
Risata Bali Resort & Spa,Rp 880.000,Rp 616.000,Inclusive of taxes,8.4,"Kuta, Bali"
Suma Beach Hotel,Rp 324.000,Rp 243.000,Inclusive of taxes,7.9,"Lovina, Bali"
The Sanyas Retreat,Rp 1.170.000,Rp 1.053.000,Inclusive of taxes,8.5,"Kerambitan, Bali"
Hotel Sari,Rp 237.000,Rp 201.450,Inclusive of taxes,7.8,"Gilimanuk, Bali"
Hotel Duta Karya,Rp 399.780,Rp 241.612,Inclusive of taxes,6.7,"Singaraja, Bali"
Medewi Surf Lodge,Rp 240.000,Rp 180.000,Inclusive of taxes,7.0,"Medewi, Bali"
OYO 3096 Hotel Dewi Warsiki,Rp 163.007,Rp 127.145,Inclusive of taxes,7.3,"Gilimanuk, Bali"
Tarzan Marriott on Penida,Rp 690.600,Rp 517.950,Inclusive of taxes,n/a,"Nusa Penida, Bali"
OYO 3062 Pondok Wisata Dewata,Rp 188.561,Rp 118.793,Inclusive of taxes,7.1,"Batubulan, Bali"
Tarzan Marriott on Penida,Rp 690.600,Rp 517.950,Inclusive of taxes,n/a,"Nusa Penida, Bali"
OYO 3062 Pondok Wisata Dewata,Rp 188.561,Rp 118.793,Inclusive of taxes,7.1,"Batubulan, Bali"
Origin Uluwatu,Rp 1.596.500,Rp 1.436.850,Inclusive of taxes,9.2,"Pecatu, Bali"
Suji Bungalow,Rp 282.450,Rp 246.500,Inclusive of taxes,8.2,"Poppies, Bali"
Adiwana Warnakali Resort,Rp 3.799.430,Rp 2.608.083,Inclusive of taxes,9.1,"Nusa Penida, Bali"
XOXO Kuta Legian Hostel,Rp 278.400,Rp 208.800,Inclusive of taxes,8.2,"Legian, Bali"
Sariqu House,Rp 223.940,Rp 167.955,Inclusive of taxes,8.7,"Kuta, Bali"
Margarita Surf Hostel Canggu,Rp 141.845,Rp 78.015,Inclusive of taxes,7.5,"Canggu, Bali"
Singgahan Bungalow,Rp 366.667,Rp 275.000,Inclusive of taxes,n/a,"Nusa Penida, Bali"
Kangkung Cottages Karangasem,Rp 426.000,Rp 319.500,Inclusive of taxes,8.2,"Amlapura, Bali"
Ariks Hotel Ubud,Rp 361.819,Rp 180.001,Inclusive of taxes,n/a,"Ubud, Bali"
Pradana Beach Inn,Rp 660.000,Rp 495.000,Inclusive of taxes,n/a,"Nusa Penida, Bali"
Bali Eco Living Dormitory,Rp 102.000,Rp 76.500,Inclusive of taxes,7.8,"South Denpasar, Bali"
Bali Diva Hotel,Rp 397.914,Rp 246.707,Inclusive of taxes,6.8,"Poppies, Bali"
Denays Guest House Jimbaran,Rp 404.806,Rp 190.259,Inclusive of taxes,7.6,"Jimbaran, Bali"
Puri Naga Beachfront Cottages,Rp 1.696.428,Rp 475.000,Inclusive of taxes,7.6,"Seminyak, Bali"
Villa das Meer,Rp 629.000,Rp 471.750,Inclusive of taxes,8.6,"Banjar, Bali"
Villa Green House Penida aka Citronella Homestay,Rp 266.666,Rp 141.333,Inclusive of taxes,8.1,"Nusa Penida, Bali"
Yulia 2 Homestay Sanur Guesthouse,Rp 413.333,Rp 310.000,Inclusive of taxes,8.0,"Sanur, Bali"
Balitung Villa Seminyak,Rp 1.557.692,Rp 905.580,Inclusive of taxes,n/a,"Seminyak, Bali"
Abyan Guest House,Rp 349.333,Rp 262.000,Inclusive of taxes,7.6,"Sanur, Bali"
SPOT ON 1927 Hotel Candra Adigraha,Rp 146.652,Rp 92.391,Inclusive of taxes,7.2,"North Denpasar, Bali"
Surf Doggie Inn,Rp 145.667,Rp 109.250,Inclusive of taxes,8.3,"Kuta, Bali"
Gora Beach Inn,Rp 735.575,Rp 367.788,Inclusive of taxes,8.2,"Poppies, Bali"
Svaha Private Villa Ceningan,Rp 569.100,Rp 426.825,Inclusive of taxes,n/a,"Nusa Ceningan, Bali"
Wonder-Land Villa,Rp 253.333,Rp 190.000,Inclusive of taxes,8.0,"Monkey Forest, Bali"
Dolphin Beach Bali,Rp 1.881.322,Rp 840.000,Inclusive of taxes,8.0,"Lovina, Bali"
Kibu Kauh Sunrise Cottage Penida,Rp 340.000,Rp 255.000,Inclusive of taxes,8.8,"Nusa Penida, Bali"
Relax Bali Dive & Spa Resort,Rp 1.641.444,Rp 1.231.083,Inclusive of taxes,n/a,"Tulamben, Bali"
The Alena Resort by Pramana,Rp 4.149.832,Rp 1.659.933,Inclusive of taxes,8.7,"Ubud, Bali"
Hotel Cianjur Bali,Rp 322.667,Rp 242.000,Inclusive of taxes,7.8,"East Denpasar, Bali"
Pondok Bali Guest House,Rp 266.667,Rp 200.000,Inclusive of taxes,8.8,"Lovina, Bali"
Puri Padi Hotel,Rp 933.333,Rp 700.000,Inclusive of taxes,7.3,"Monkey Forest, Bali"
The Radiant Hotel and Spa,Rp 850.000,Rp 425.000,Inclusive of taxes,8.3,"Tuban, Bali"
The Backyard House,Rp 210.667,Rp 158.000,Inclusive of taxes,8.7,"Tanah Lot, Bali"
Taman Mekar Beach Inn,Rp 217.858,Rp 135.072,Inclusive of taxes,8.2,"Poppies, Bali"
Pradhana Residence,Rp 240.000,Rp 180.000,Inclusive of taxes,8.3,"Tuban, Bali"
"Puri Lumbung Restaurant, Cottage & Waterpark Mengwi",Rp 535.476,Rp 401.607,Inclusive of taxes,n/a,"Mengwi, Bali"
Eat Sleep Skate,Rp 1.179.175,Rp 1.080.001,Inclusive of taxes,8.6,"East Denpasar, Bali"
OYO 90810 Ravaya Homestay,Rp 120.796,Rp 76.101,Inclusive of taxes,n/a,"Singaraja, Bali"
Kubu B'dauh Homestay,Rp 313.333,Rp 235.000,Inclusive of taxes,7.9,"Legian, Bali"
Nusa Sedayu hotel,Rp 1.066.666,Rp 799.999,Inclusive of taxes,n/a,"Nusa Penida, Bali"
Jepun Bali Hotel,Rp 1.046.760,Rp 785.070,Inclusive of taxes,8.7,"Kuta, Bali"
Pertiwi Bisma 2,Rp 1.575.000,Rp 677.250,Inclusive of taxes,8.3,"Monkey Forest, Bali"
Mimpi Resort Tulamben Dive and Spa,Rp 1.508.490,Rp 1.001.300,Inclusive of taxes,8.5,"Tulamben, Bali"
Karang Sari Guesthouse & Restaurant,Rp 348.000,Rp 261.000,Inclusive of taxes,8.7,"Munduk, Bali"
Taos House Nusa Lembongan by Best Deals Asia Hospitality,Rp 937.500,Rp 375.000,Inclusive of taxes,8.9,"Nusa Lembongan, Bali"
Bintang Bungalow Nusa Penida,Rp 834.600,Rp 625.950,Inclusive of taxes,8.7,"Nusa Penida, Bali"
Hotel Lestari Gilimanuk,Rp 220.000,Rp 165.000,Inclusive of taxes,8.2,"Gilimanuk, Bali"
Rise Apartment Sanur,Rp 414.960,Rp 311.220,Inclusive of taxes,n/a,"Sanur, Bali"
Wadari Retreat Villa Ubud,Rp 2.160.000,Rp 1.490.400,Inclusive of taxes,8.5,"Sukawati, Bali"
Ocean Brothers Ceningan,Rp 599.999,Rp 449.999,Inclusive of taxes,8.5,"Nusa Ceningan, Bali"
Kumari Villa,Rp 2.280.000,Rp 1.710.000,Inclusive of taxes,7.8,"Kerobokan, Bali"
Asri Sari Ubud Resort & Villa,Rp 720.000,Rp 288.000,Inclusive of taxes,7.9,"Ubud, Bali"
Respati Beach Hotel,Rp 2.399.999,Rp 1.799.999,Inclusive of taxes,8.5,"Sanur, Bali"
Villa Baba Lovina,Rp 466.667,Rp 350.000,Inclusive of taxes,n/a,"Lovina, Bali"
Bali Mountain Retreat,Rp 466.667,Rp 350.000,Inclusive of taxes,n/a,"Selemadeg, Bali"
Wawa Wewe II Villas,Rp 699.999,Rp 524.999,Inclusive of taxes,8.2,"Amed, Bali"
Cozy Palm,Rp 266.665,Rp 199.999,Inclusive of taxes,8.3,"Jimbaran, Bali"
Tirta Ening Agung Hotel,Rp 540.000,Rp 405.000,Inclusive of taxes,8.3,"Sanur, Bali"
Antari Hotel Pemuteran,Rp 1.066.666,Rp 799.999,Inclusive of taxes,8.3,"Pemuteran, Bali"
Trijaya Guest House,Rp 163.875,Rp 147.488,Inclusive of taxes,8.8,"Pemuteran, Bali"
Interconnection Kuta,Rp 418.000,Rp 313.500,Inclusive of taxes,8.9,"Kuta, Bali"
Bukit Permata Lembongan,Rp 333.334,Rp 250.000,Inclusive of taxes,n/a,"Nusa Lembongan, Bali"
OYO 90895 Giri Puspa Guest Hose,Rp 252.537,Rp 196.979,Inclusive of taxes,n/a,"Nusa Dua, Bali"
Rumah Roda Home Stay,Rp 1.317.769,Rp 450.001,Inclusive of taxes,8.9,"Ubud, Bali"
Balitone Guest House,Rp 360.000,Rp 313.200,Inclusive of taxes,8.3,"West Denpasar, Bali"
Made House Sanur,Rp 98.264,Rp 90.000,Inclusive of taxes,8.6,"Sanur, Bali"
Flamingo Dewata Suite,Rp 3.350.970,Rp 1.005.291,Inclusive of taxes,9.0,"Pecatu, Bali"
Uma Kutuh 2,Rp 288.000,Rp 201.600,Inclusive of taxes,8.0,"Ubud, Bali"
Utari Residence Legian,Rp 233.333,Rp 175.000,Inclusive of taxes,8.7,"Legian, Bali"
Gapul Homestay,Rp 204.000,Rp 153.000,Inclusive of taxes,8.1,"Nusa Penida, Bali"
Margareth Homestay,Rp 170.000,Rp 158.100,Inclusive of taxes,8.3,"Ungasan, Bali"
Jesen's Inn 2,Rp 399.999,Rp 299.999,Inclusive of taxes,8.1,"Kuta, Bali"
Balian Paradise Resort,Rp 320.000,Rp 224.000,Inclusive of taxes,7.2,"Balian, Bali"
Yuda Homestay Nusa Penida,Rp 540.000,Rp 405.000,Inclusive of taxes,n/a,"Nusa Penida, Bali"
Dream Beach Cottages,Rp 482.644,Rp 399.999,Inclusive of taxes,n/a,"Nusa Lembongan, Bali"
Mejore Beach Hotel,Rp 1.350.000,Rp 945.000,Inclusive of taxes,8.7,"Amed, Bali"
Kubu Mekarsari Homestay,Rp 448.180,Rp 336.135,Inclusive of taxes,8.2,"Jimbaran, Bali"
Bali Bobo Hostel,Rp 160.001,Rp 120.001,Inclusive of taxes,9.3,"Jimbaran, Bali"
Hill Dance Bali American Hotel,Rp 933.333,Rp 700.000,Inclusive of taxes,n/a,"Jimbaran, Bali"
The Visala Boutique Suite Seminyak,Rp 2.765.703,Rp 1.650.000,Inclusive of taxes,8.6,"Seminyak, Bali"
Hartaning House by Pramana Villas,Rp 581.382,Rp 319.760,Inclusive of taxes,8.4,"Ubud, Bali"
Green Beach Inn,Rp 532.471,Rp 487.688,Inclusive of taxes,8.8,"Nusa Penida, Bali"
White Sandy Beach Menjangan,Rp 380.000,Rp 285.000,Inclusive of taxes,8.5,"Menjangan, Bali"
Scuba Tribe Bali,Rp 380.000,Rp 239.400,Inclusive of taxes,9.3,"Tulamben, Bali"
White Sandy Beach Menjangan,Rp 380.000,Rp 285.000,Inclusive of taxes,8.5,"Menjangan, Bali"
Scuba Tribe Bali,Rp 380.000,Rp 239.400,Inclusive of taxes,9.3,"Tulamben, Bali"
G7 Residence,Rp 380.000,Rp 285.000,Inclusive of taxes,8.2,"Nusa Dua, Bali"
The Amrita Salt Farm Villas,Rp 1.266.668,Rp 950.001,Inclusive of taxes,n/a,"Tejakula, Bali"
Namastay,Rp 198.000,Rp 118.800,Inclusive of taxes,9.2,"Monkey Forest, Bali"
Balisanti Bungalows,Rp 775.798,Rp 710.550,Inclusive of taxes,8.8,"Candidasa, Bali"
Bramasa Guesthouse & Gallery,Rp 630.000,Rp 315.000,Inclusive of taxes,n/a,"Ubud, Bali"
Aru House Ubud,Rp 133.333,Rp 100.000,Inclusive of taxes,n/a,"Monkey Forest, Bali"
Mutiara Kost - Imam Bonjol Denpasar,Rp 200.000,Rp 150.000,Inclusive of taxes,8.0,"West Denpasar, Bali"
Desila Beach House,Rp 289.155,Rp 216.866,Inclusive of taxes,n/a,"Nusa Penida, Bali"
Kencana Ubud Cottage,Rp 348.750,Rp 296.438,Inclusive of taxes,9.1,"Ubud, Bali"
Svaha Ubud,Rp 360.000,Rp 270.000,Inclusive of taxes,7.9,"Ubud, Bali"
Sahera  Hotel Karangasem,Rp 733.332,Rp 549.999,Inclusive of taxes,9.0,"Amed, Bali"
Jati 3 Bungalow & Spa,Rp 466.666,Rp 350.000,Inclusive of taxes,7.6,"Monkey Forest, Bali"
Hotel The Flora Kuta Bali,Rp 420.000,Rp 315.000,Inclusive of taxes,8.5,"Kuta, Bali"
Darba Guest House,Rp 585.000,Rp 280.800,Inclusive of taxes,9.3,"Ubud, Bali"
Liberty Dive Resort,Rp 966.667,Rp 725.000,Inclusive of taxes,7.3,"Tulamben, Bali"
Sing sing Residence,Rp 333.333,Rp 250.000,Inclusive of taxes,n/a,"West Denpasar, Bali"
Umah Anila,Rp 300.811,Rp 225.608,Inclusive of taxes,8.9,"Ubud, Bali"
The Swell,Rp 222.000,Rp 166.500,Inclusive of taxes,8.7,"Tanah Lot, Bali"
Sayang Residence I,Rp 386.289,Rp 239.499,Inclusive of taxes,7.2,"West Denpasar, Bali"
Bali Nusa Cottage,Rp 300.811,Rp 225.608,Inclusive of taxes,8.3,"Nusa Lembongan, Bali"
The Ayudya Gelogor Carik,Rp 245.662,Rp 225.001,Inclusive of taxes,8.2,"South Denpasar, Bali"
deSeruni Guest House,Rp 373.939,Rp 231.842,Inclusive of taxes,8.7,"West Denpasar, Bali"
Kubu Kalih,Rp 474.942,Rp 292.550,Inclusive of taxes,7.8,"South Denpasar, Bali"
BB Homestay Two,Rp 250.000,Rp 230.000,Inclusive of taxes,6.9,"Pecatu, Bali"
Green Palace Homestay Nusa Penida,Rp 370.291,Rp 229.580,Inclusive of taxes,8.3,"Nusa Penida, Bali"
The Puncak Santhi Inn,Rp 200.000,Rp 180.000,Inclusive of taxes,n/a,"Nusa Penida, Bali"
Nyuh Gading Bungalow,Rp 262.800,Rp 197.100,Inclusive of taxes,9.1,"Nusa Penida, Bali"
Genta House,Rp 369.600,Rp 277.200,Inclusive of taxes,n/a,"Kuta, Bali"
Sanur Ayu Hotel,Rp 329.333,Rp 247.000,Inclusive of taxes,7.7,"Sanur, Bali"
Doubleyou Home Stay Pemuteran,Rp 333.335,Rp 250.001,Inclusive of taxes,n/a,"Pemuteran, Bali"
Sukanusa Luxury Huts,Rp 530.627,Rp 485.999,Inclusive of taxes,8.8,"Nusa Lembongan, Bali"
Kerti Beach Bungalow and Restaurant,Rp 307.573,Rp 230.680,Inclusive of taxes,7.2,"Padangbai, Bali"
Madu Sari Hotel Kintamani,Rp 306.667,Rp 230.000,Inclusive of taxes,7.8,"Kintamani, Bali"
The Somayan Bungalows,Rp 228.160,Rp 190.445,Inclusive of taxes,8.9,"Nusa Penida, Bali"
Mulia Home Stay,Rp 286.666,Rp 214.999,Inclusive of taxes,n/a,"Kutuh, Bali"
Bhuwana Ubud Hotel and Farming,Rp 995.330,Rp 734.999,Inclusive of taxes,8.8,"Ubud, Bali"
Suly Vegetarian Resort & Spa,Rp 1.068.958,Rp 564.000,Inclusive of taxes,7.8,"Ubud, Bali"
Sari Indah Cottages,Rp 348.524,Rp 216.085,Inclusive of taxes,8.4,"Legian, Bali"
Puri Sading Hotel,Rp 938.664,Rp 560.001,Inclusive of taxes,8.2,"Sanur, Bali"
Teba House Bisma Ubud,Rp 308.137,Rp 156.401,Inclusive of taxes,n/a,"Ubud, Bali"
Wahyu Masari Homestay Penida,Rp 329.400,Rp 247.050,Inclusive of taxes,9.0,"Nusa Penida, Bali"
The Banana House Nusa Penida,Rp 202.500,Rp 172.125,Inclusive of taxes,9.3,"Nusa Penida, Bali"
OYO Flagship 91062 Antara Sunset Road,Rp 343.194,Rp 267.691,Inclusive of taxes,7.9,"South Denpasar, Bali"
The Niti Hut's Lembongan,Rp 973.333,Rp 730.000,Inclusive of taxes,8.5,"Nusa Lembongan, Bali"
Ubud Sari Health Resort,Rp 895.691,Rp 521.699,Inclusive of taxes,8.5,"Ubud, Bali"
The Ruum,Rp 165.636,Rp 91.100,Inclusive of taxes,8.7,"Canggu, Bali"
Bale Bali House,Rp 260.000,Rp 195.000,Inclusive of taxes,n/a,"Ubud, Bali"
Kondra Premiere Guest House,Rp 724.104,Rp 354.811,Inclusive of taxes,8.3,"Legian, Bali"
Kememai Hostel,Rp 138.155,Rp 75.985,Inclusive of taxes,8.6,"Monkey Forest, Bali"
Rita ZA Hotel,Rp 196.078,Rp 137.255,Inclusive of taxes,6.5,"Legian, Bali"
CHEZ IDA,Rp 600.001,Rp 450.001,Inclusive of taxes,8.4,"Ubud, Bali"
Shangrilah Villas,Rp 558.347,Rp 360.000,Inclusive of taxes,8.0,"Baturiti, Bali"
Teja Homestay,Rp 399.999,Rp 299.999,Inclusive of taxes,n/a,"Ubud, Bali"
Kailash Homestay,Rp 532.000,Rp 399.000,Inclusive of taxes,8.5,"Padangbai, Bali"
Taxa Uma,Rp 295.380,Rp 183.136,Inclusive of taxes,8.2,"Kuta, Bali"
THE AYUDYA PURA DEMAK,Rp 266.667,Rp 200.000,Inclusive of taxes,n/a,"West Denpasar, Bali"
The Ocean Sunset Villas Ceningan,Rp 733.332,Rp 549.999,Inclusive of taxes,8.2,"Nusa Ceningan, Bali"
The Nicho's Bungalows & Villas,Rp 346.962,Rp 332.499,Inclusive of taxes,8.4,"Nusa Lembongan, Bali"
Gedhong Hostel,Rp 230.557,Rp 115.279,Inclusive of taxes,n/a,"Nusa Penida, Bali"
Hotel Mawar II Denpasar,Rp 216.600,Rp 162.450,Inclusive of taxes,7.6,"West Denpasar, Bali"
Cool Breeze Bungalow Nusa Penida,Rp 337.500,Rp 253.125,Inclusive of taxes,n/a,"Nusa Penida, Bali"
Mekar Jaya Bungalows,Rp 202.667,Rp 152.000,Inclusive of taxes,7.6,"Legian, Bali"
Van Santri Homestay Pemuteran,Rp 173.333,Rp 130.000,Inclusive of taxes,9.0,"Pemuteran, Bali"
LaGriya Guest House,Rp 637.500,Rp 478.125,Inclusive of taxes,7.6,"East Denpasar, Bali"
Putri Homestay,Rp 699.999,Rp 524.999,Inclusive of taxes,n/a,"Sanur, Bali"
Kubu Turah Homestay,Rp 274.716,Rp 166.027,Inclusive of taxes,7.3,"Jimbaran, Bali"
Uma Kutuh Bungalow,Rp 191.076,Rp 143.307,Inclusive of taxes,7.3,"Ubud, Bali"
Bukit Indah Homestay,Rp 190.000,Rp 142.500,Inclusive of taxes,8.5,"Amed, Bali"
OYO 90089 Hotel Satria Syariah,Rp 129.073,Rp 100.677,Inclusive of taxes,8.8,"North Denpasar, Bali"
Ramp Cottage,Rp 399.999,Rp 299.999,Inclusive of taxes,n/a,"Nusa Penida, Bali"
Buda Cottage Ubud,Rp 343.925,Rp 314.999,Inclusive of taxes,n/a,"Tampaksiring, Bali"
Omah Nusa Villa,Rp 333.334,Rp 250.000,Inclusive of taxes,n/a,"Nusa Penida, Bali"
Kubu Indah Guest House,Rp 235.835,Rp 216.000,Inclusive of taxes,n/a,"Nusa Penida, Bali"
Bali Asli Lodge by EPS,Rp 395.882,Rp 216.750,Inclusive of taxes,8.5,"Ubud, Bali"
Ninja Suite Villa,Rp 511.693,Rp 317.250,Inclusive of taxes,7.8,"East Denpasar, Bali"
Matta Lodge Bali,Rp 228.000,Rp 171.000,Inclusive of taxes,8.6,"Jimbaran, Bali"
Bulan Bali Homestay & Hostel,Rp 300.000,Rp 225.000,Inclusive of taxes,8.9,"Ubud, Bali"
Ramaya Ubud View by EPS,Rp 268.920,Rp 242.028,Inclusive of taxes,7.5,"Payangan, Bali"
Ubud Canti Accommodation,Rp 266.668,Rp 200.001,Inclusive of taxes,8.1,"Ubud, Bali"
Amed Sari Beach Guesthouse,Rp 266.668,Rp 200.001,Inclusive of taxes,n/a,"Amed, Bali"
Medal Jaya Hostel & Room,Rp 133.333,Rp 100.000,Inclusive of taxes,n/a,"Nusa Lembongan, Bali"
The Warji Bisma,Rp 426.515,Rp 275.000,Inclusive of taxes,8.5,"Ubud, Bali"
Arnata Guest House,Rp 133.333,Rp 100.000,Inclusive of taxes,7.5,"Susut, Bali"
Eliska Sari Bungalows,Rp 276.000,Rp 207.000,Inclusive of taxes,9.0,"Menjangan, Bali"
Bulan Bali Hostel,Rp 100.000,Rp 75.000,Inclusive of taxes,n/a,"Ubud, Bali"
Askara Guest House & Hostel,Rp 200.000,Rp 150.000,Inclusive of taxes,n/a,"Ubud, Bali"
Write Hostel,Rp 127.744,Rp 117.000,Inclusive of taxes,9.0,"Nusa Penida, Bali"
The Calna Villa Bali,Rp 2.254.792,Rp 1.826.382,Inclusive of taxes,8.8,"Kuta, Bali"
Artaloka Hotel Penida,Rp 666.667,Rp 500.000,Inclusive of taxes,n/a,"Nusa Penida, Bali"
The Calna Villa Bali,Rp 2.254.792,Rp 1.826.382,Inclusive of taxes,8.8,"Kuta, Bali"
Artaloka Hotel Penida,Rp 666.667,Rp 500.000,Inclusive of taxes,n/a,"Nusa Penida, Bali"
Delight ART Villas,Rp 9.684.112,Rp 7.263.084,Inclusive of taxes,n/a,"Seminyak, Bali"
The Garuda Homestay Sanur,Rp 320.000,Rp 272.000,Inclusive of taxes,n/a,"Sanur, Bali"
Castaway Resort Lembongan,Rp 2.857.631,Rp 2.143.223,Inclusive of taxes,n/a,"Nusa Lembongan, Bali"
"Dua Dari, a Residence by Hadiprana",Rp 3.750.000,Rp 3.375.000,Inclusive of taxes,n/a,"Ubud, Bali"
Sebuluh Sunset Hill Penida,Rp 1.403.100,Rp 841.860,Inclusive of taxes,9.5,"Nusa Penida, Bali"
Kania Villa by WizZeLa,Rp 700.000,Rp 427.000,Inclusive of taxes,n/a,"Nusa Dua, Bali"
Watu Jineng by WizZeLa,Rp 382.500,Rp 267.750,Inclusive of taxes,n/a,"Nusa Penida, Bali"
The Bhaswara Ubud,Rp 705.750,Rp 529.313,Inclusive of taxes,n/a,"Sukawati, Bali"
The Kd Suites & Coffee Shop,Rp 1.200.000,Rp 600.000,Inclusive of taxes,n/a,"Cemagi, Bali"
Villa Paradise Uluwatu,Rp 12.266.666,Rp 9.200.000,Inclusive of taxes,n/a,"Ungasan, Bali"
Aventus Resort Ubud,Rp 819.000,Rp 573.300,Inclusive of taxes,n/a,"Tegallalang, Bali"
Prayatna Villas,Rp 2.000.000,Rp 1.500.000,Inclusive of taxes,n/a,"Sebatu, Bali"
Lovina Beach 1 & 2,Rp 12.118.553,Rp 9.088.915,Inclusive of taxes,n/a,"Banjar, Bali"
"Dua Dari, a Residence by Hadiprana",Rp 3.750.000,Rp 3.375.000,Inclusive of taxes,n/a,"Ubud, Bali"
Sebuluh Sunset Hill Penida,Rp 1.403.100,Rp 841.860,Inclusive of taxes,9.5,"Nusa Penida, Bali"
Kania Villa by WizZeLa,Rp 700.000,Rp 427.000,Inclusive of taxes,n/a,"Nusa Dua, Bali"
Watu Jineng by WizZeLa,Rp 382.500,Rp 267.750,Inclusive of taxes,n/a,"Nusa Penida, Bali"
GK Bali Resort,Rp 3.022.500,Rp 1.360.125,Inclusive of taxes,n/a,"Sebatu, Bali"
Amala Villas Ubud,Rp 10.694.063,Rp 8.555.250,Inclusive of taxes,n/a,"Payangan, Bali"
Danakha Villa Ubud,Rp 3.750.000,Rp 1.500.000,Inclusive of taxes,n/a,"Tegallalang, Bali"
Kalya Villa by Supala,Rp 1.074.228,Rp 762.702,Inclusive of taxes,n/a,"Ubud, Bali"
The Sagara Penida,Rp 1.866.667,Rp 1.400.000,Inclusive of taxes,n/a,"Nusa Penida, Bali"
The Royal Santrian,Rp 10.585.884,Rp 7.266.547,Inclusive of taxes,n/a,"Tanjung Benoa, Bali"
Kelingking Sunset Point Hotel & Spa,Rp 1.295.000,Rp 971.250,Inclusive of taxes,n/a,"Nusa Penida, Bali"
Manda Villa.,Rp 2.085.616,Rp 1.249.476,Inclusive of taxes,n/a,"Nusa Dua, Bali"
GK Bali Resort,Rp 3.022.500,Rp 1.360.125,Inclusive of taxes,n/a,"Sebatu, Bali"
Homestay Mas Arjuna,Rp 291.739,Rp 180.878,Inclusive of taxes,n/a,"West Denpasar, Bali"
The Sayan House,Rp 20.000.000,Rp 15.000.000,Inclusive of taxes,n/a,"Sayan, Bali"
